PDB ID,Chain ID,Source
"1A12","A","Homo sapiens"
"1A12","B","Homo sapiens"
"1A12","C","Homo sapiens"
"1A1X","A","Homo sapiens"
"1A62","A","Escherichia coli"
"1A9X","A","Escherichia coli"
"1A9X","B","Escherichia coli"
"1A9X","C","Escherichia coli"
"1A9X","D","Escherichia coli"
"1A9X","E","Escherichia coli"
"1A9X","F","Escherichia coli"
"1A9X","G","Escherichia coli"
"1A9X","H","Escherichia coli"
"1ACO","A","Bos taurus"
"1AD2","A","Thermus thermophilus"
"1AF7","A","Salmonella enterica"
"1AH7","A","Bacillus cereus"
"1AIE","A","Homo sapiens"
"1AOL","A","Murine leukemia virus"
"1AYO","A","Bos taurus"
"1AYO","B","Bos taurus"
"1B0N","A","Bacillus subtilis"
"1B0N","B","Bacillus subtilis"
"1B25","A","Pyrococcus furiosus"
"1B25","B","Pyrococcus furiosus"
"1B25","C","Pyrococcus furiosus"
"1B25","D","Pyrococcus furiosus"
"1B33","A","Mastigocladus laminosus"
"1B33","B","Mastigocladus laminosus"
"1B33","C","Mastigocladus laminosus"
"1B33","D","Mastigocladus laminosus"
"1B33","E","Mastigocladus laminosus"
"1B33","F","Mastigocladus laminosus"
"1B33","H","Mastigocladus laminosus"
"1B33","I","Mastigocladus laminosus"
"1B33","J","Mastigocladus laminosus"
"1B33","K","Mastigocladus laminosus"
"1B33","L","Mastigocladus laminosus"
"1B33","M","Mastigocladus laminosus"
"1B33","N","Mastigocladus laminosus"
"1B33","O","Mastigocladus laminosus"
"1B79","A","Escherichia coli"
"1B79","B","Escherichia coli"
"1B79","C","Escherichia coli"
"1B79","D","Escherichia coli"
"1BG1","A","Mus musculus"
"1BG1","B",""
"1BGF","A","Mus musculus"
"1BKR","A","Homo sapiens"
"1BM8","A","Saccharomyces cerevisiae"
"1BOU","A","Sphingomonas paucimobilis"
"1BOU","B","Sphingomonas paucimobilis"
"1BOU","C","Sphingomonas paucimobilis"
"1BOU","D","Sphingomonas paucimobilis"
"1BX7","A","Hirudo medicinalis"
"1BXY","A","Thermus thermophilus"
"1BXY","B","Thermus thermophilus"
"1BYI","A","Escherichia coli"
"1C5E","A","Escherichia virus Lambda"
"1C5E","B","Escherichia virus Lambda"
"1C5E","C","Escherichia virus Lambda"
"1CC8","A","Saccharomyces cerevisiae"
"1CCW","A","Clostridium cochlearium"
"1CCW","B","Clostridium cochlearium"
"1CCW","C","Clostridium cochlearium"
"1CCW","D","Clostridium cochlearium"
"1CFZ","A","Escherichia coli"
"1CFZ","B","Escherichia coli"
"1CFZ","C","Escherichia coli"
"1CFZ","D","Escherichia coli"
"1CFZ","E","Escherichia coli"
"1CFZ","F","Escherichia coli"
"1CHD","A","Salmonella enterica"
"1CI4","A","Homo sapiens"
"1CI4","B","Homo sapiens"
"1CIP","A","Rattus norvegicus"
"1CIY","A","Bacillus thuringiensis"
"1CQ3","A","Cowpox virus"
"1CQ3","B","Cowpox virus"
"1CRU","A","Acinetobacter calcoaceticus"
"1CRU","B","Acinetobacter calcoaceticus"
"1CUK","A","Escherichia coli"
"1CXQ","A","Avian sarcoma virus"
"1CY5","A","Homo sapiens"
"1D0Q","A","Geobacillus stearothermophilus"
"1D0Q","B","Geobacillus stearothermophilus"
"1D3Y","A","Methanocaldococcus jannaschii"
"1D3Y","B","Methanocaldococcus jannaschii"
"1DCE","A","Rattus norvegicus"
"1DCE","B","Rattus norvegicus"
"1DCE","C","Rattus norvegicus"
"1DCE","D","Rattus norvegicus"
"1DFU","M",""
"1DFU","N",""
"1DFU","P","Escherichia coli"
"1DJ0","A","Escherichia coli"
"1DJ0","B","Escherichia coli"
"1DJ8","A","Escherichia coli"
"1DJ8","B","Escherichia coli"
"1DJ8","C","Escherichia coli"
"1DJ8","D","Escherichia coli"
"1DJ8","E","Escherichia coli"
"1DJ8","F","Escherichia coli"
"1DK8","A","Homo sapiens"
"1DL5","A","Thermotoga maritima"
"1DL5","B","Thermotoga maritima"
"1DS1","A","Streptomyces clavuligerus"
"1DTD","A","Homo sapiens"
"1DTD","B","Hirudo medicinalis"
"1DVO","A","Escherichia coli"
"1DWK","A","Escherichia coli"
"1DWK","B","Escherichia coli"
"1DWK","C","Escherichia coli"
"1DWK","D","Escherichia coli"
"1DWK","E","Escherichia coli"
"1DWK","F","Escherichia coli"
"1DWK","G","Escherichia coli"
"1DWK","H","Escherichia coli"
"1DWK","I","Escherichia coli"
"1DWK","J","Escherichia coli"
"1DY5","A","Bos taurus"
"1DY5","B","Bos taurus"
"1DZF","A","Saccharomyces cerevisiae"
"1E44","A","Escherichia coli"
"1E44","B","Escherichia coli"
"1E58","A","Escherichia coli"
"1E7L","A","Escherichia virus T4"
"1E7L","B","Escherichia virus T4"
"1E8C","A","Escherichia coli"
"1E8C","B","Escherichia coli"
"1EB6","A","Aspergillus oryzae"
"1ECW","A","Simian immunodeficiency virus"
"1EEX","A","Klebsiella oxytoca"
"1EEX","B","Klebsiella oxytoca"
"1EEX","E","Klebsiella oxytoca"
"1EEX","G","Klebsiella oxytoca"
"1EEX","L","Klebsiella oxytoca"
"1EEX","M","Klebsiella oxytoca"
"1EF1","A","Homo sapiens"
"1EF1","B","Homo sapiens"
"1EF1","C","Homo sapiens"
"1EF1","D","Homo sapiens"
"1EGW","A","Homo sapiens"
"1EGW","B","Homo sapiens"
"1EGW","C","Homo sapiens"
"1EGW","D","Homo sapiens"
"1EGW","E",""
"1EGW","F",""
"1EGW","G",""
"1EGW","H",""
"1EI5","A","Ochrobactrum anthropi"
"1EI7","A","Tobacco mosaic virus"
"1EI7","B","Tobacco mosaic virus"
"1EL6","A","Escherichia virus T4"
"1EL6","B","Escherichia virus T4"
"1EL6","C","Escherichia virus T4"
"1EU1","A","Rhodobacter sphaeroides"
"1EUW","A","Escherichia coli"
"1EWF","A","Homo sapiens"
"1EZG","A","Tenebrio molitor"
"1EZG","B","Tenebrio molitor"
"1F0L","A","Corynebacterium diphtheriae"
"1F0L","B","Corynebacterium diphtheriae"
"1F1E","A","Methanopyrus kandleri"
"1F1M","A","Borreliella burgdorferi"
"1F1M","B","Borreliella burgdorferi"
"1F1M","C","Borreliella burgdorferi"
"1F1M","D","Borreliella burgdorferi"
"1F35","A","Mus musculus"
"1F35","B","Mus musculus"
"1F3U","A","Homo sapiens"
"1F3U","B","Homo sapiens"
"1F3U","C","Homo sapiens"
"1F3U","D","Homo sapiens"
"1F3U","E","Homo sapiens"
"1F3U","F","Homo sapiens"
"1F3U","G","Homo sapiens"
"1F3U","H","Homo sapiens"
"1F3V","A","Homo sapiens"
"1F3V","B","Homo sapiens"
"1F60","A","Saccharomyces cerevisiae"
"1F60","B","Saccharomyces cerevisiae"
"1F7U","A","Saccharomyces cerevisiae"
"1F7U","B",""
"1F86","A","Homo sapiens"
"1F86","B","Homo sapiens"
"1FCY","A","Homo sapiens"
"1FKM","A","Saccharomyces cerevisiae"
"1FM0","D","Escherichia coli"
"1FM0","E","Escherichia coli"
"1FN9","A","Reovirus sp."
"1FN9","B","Reovirus sp."
"1FPO","A","Escherichia coli"
"1FPO","B","Escherichia coli"
"1FPO","C","Escherichia coli"
"1FS1","A","Homo sapiens"
"1FS1","B","Homo sapiens"
"1FS1","C","Homo sapiens"
"1FS1","D","Homo sapiens"
"1FSG","A","Toxoplasma gondii"
"1FSG","C","Toxoplasma gondii"
"1FX2","A","Trypanosoma brucei"
"1FXK","A","Methanothermobacter thermautotrophicus"
"1FXK","B","Methanothermobacter thermautotrophicus"
"1FXK","C","Methanothermobacter thermautotrophicus"
"1G2R","A","Streptococcus pneumoniae"
"1G2Y","A","Mus musculus"
"1G2Y","B","Mus musculus"
"1G2Y","C","Mus musculus"
"1G2Y","D","Mus musculus"
"1G3P","A","Escherichia virus M13"
"1G6X","A","Bos taurus"
"1G73","A","Homo sapiens"
"1G73","B","Homo sapiens"
"1G73","C","Homo sapiens"
"1G73","D","Homo sapiens"
"1G7S","A","Methanothermobacter thermautotrophicus"
"1G8E","A","Escherichia coli"
"1G8E","B","Escherichia coli"
"1G8Q","A","Homo sapiens"
"1G8Q","B","Homo sapiens"
"1GCI","A","Bacillus lentus"
"1GD8","A","Thermus thermophilus"
"1GD8","B","Thermus thermophilus"
"1GD8","C","Thermus thermophilus"
"1GD8","D","Thermus thermophilus"
"1GD8","E","Thermus thermophilus"
"1GD8","F","Thermus thermophilus"
"1GD8","G","Thermus thermophilus"
"1GD8","H","Thermus thermophilus"
"1GD8","I","Thermus thermophilus"
"1GK9","A","Escherichia coli"
"1GK9","B","Escherichia coli"
"1GMU","A","Klebsiella aerogenes"
"1GMU","B","Klebsiella aerogenes"
"1GMU","C","Klebsiella aerogenes"
"1GMU","D","Klebsiella aerogenes"
"1GMX","A","Escherichia coli"
"1GO3","E","Methanocaldococcus jannaschii"
"1GO3","F","Methanocaldococcus jannaschii"
"1GO3","M","Methanocaldococcus jannaschii"
"1GO3","N","Methanocaldococcus jannaschii"
"1GP0","A","Homo sapiens"
"1GPJ","A","Methanopyrus kandleri"
"1GPQ","A","Escherichia coli"
"1GPQ","B","Escherichia coli"
"1GPQ","C","Gallus gallus"
"1GPQ","D","Gallus gallus"
"1GQE","A","Escherichia coli"
"1GQI","A","Cellvibrio japonicus"
"1GQI","B","Cellvibrio japonicus"
"1GS9","A","Homo sapiens"
"1GTE","A","Sus scrofa"
"1GTE","B","Sus scrofa"
"1GTE","C","Sus scrofa"
"1GTE","D","Sus scrofa"
"1GWE","A","Micrococcus luteus"
"1GXM","A","Cellvibrio japonicus"
"1GXM","B","Cellvibrio japonicus"
"1GXU","A","Escherichia coli"
"1GZS","A","Homo sapiens"
"1GZS","B","Salmonella enterica"
"1GZS","C","Homo sapiens"
"1GZS","D","Salmonella enterica"
"1H16","A","Escherichia coli"
"1H2C","A","Ebola virus sp."
"1H2C","R","Escherichia coli"
"1H4R","A","Homo sapiens"
"1H4R","B","Homo sapiens"
"1H4X","A","Lysinibacillus sphaericus"
"1H4X","B","Lysinibacillus sphaericus"
"1H7C","A","Homo sapiens"
"1H99","A","Bacillus subtilis"
"1HBN","A","Methanothermobacter thermautotrophicus"
"1HBN","B","Methanothermobacter thermautotrophicus"
"1HBN","C","Methanothermobacter thermautotrophicus"
"1HBN","D","Methanothermobacter thermautotrophicus"
"1HBN","E","Methanothermobacter thermautotrophicus"
"1HBN","F","Methanothermobacter thermautotrophicus"
"1HC7","A","Thermus thermophilus"
"1HC7","B","Thermus thermophilus"
"1HC7","C","Thermus thermophilus"
"1HC7","D","Thermus thermophilus"
"1HE1","A","Pseudomonas aeruginosa"
"1HE1","B","Pseudomonas aeruginosa"
"1HE1","C","Homo sapiens"
"1HE1","D","Homo sapiens"
"1HF2","A","Thermotoga maritima"
"1HF2","B","Thermotoga maritima"
"1HF2","C","Thermotoga maritima"
"1HF2","D","Thermotoga maritima"
"1HFE","L","Desulfovibrio vulgaris"
"1HFE","M","Desulfovibrio vulgaris"
"1HFE","S","Desulfovibrio vulgaris"
"1HFE","T","Desulfovibrio vulgaris"
"1HI9","A","Bacillus subtilis"
"1HI9","B","Bacillus subtilis"
"1HI9","C","Bacillus subtilis"
"1HI9","D","Bacillus subtilis"
"1HI9","E","Bacillus subtilis"
"1HP1","A","Escherichia coli"
"1HQ1","A","Escherichia coli"
"1HQ1","B",""
"1HXR","A","Rattus norvegicus"
"1HXR","B","Rattus norvegicus"
"1HYO","A","Mus musculus"
"1HYO","B","Mus musculus"
"1I1W","A","Thermoascus aurantiacus"
"1I2T","A","Homo sapiens"
"1I4J","A","Thermus thermophilus"
"1I4J","B","Thermus thermophilus"
"1I71","A","Homo sapiens"
"1IFR","A","Homo sapiens"
"1IJQ","A","Homo sapiens"
"1IJQ","B","Homo sapiens"
"1IJY","A","Mus musculus"
"1IJY","B","Mus musculus"
"1IK9","A","Homo sapiens"
"1IK9","B","Homo sapiens"
"1IK9","C","Homo sapiens"
"1IKP","A","Pseudomonas aeruginosa"
"1IN0","A","Haemophilus influenzae"
"1IN0","B","Haemophilus influenzae"
"1IO0","A","Gallus gallus"
"1IO1","A","Salmonella enterica"
"1IOM","A","Thermus thermophilus"
"1IQZ","A","Bacillus thermoproteolyticus"
"1IRQ","A","Streptococcus pyogenes"
"1IRQ","B","Streptococcus pyogenes"
"1ITX","A","Bacillus circulans"
"1IX9","A","Escherichia coli"
"1IX9","B","Escherichia coli"
"1IZM","A","Haemophilus influenzae"
"1J09","A","Thermus thermophilus"
"1J0P","A","Desulfovibrio vulgaris"
"1J27","A","Thermus thermophilus"
"1J3W","A","Thermus thermophilus"
"1J3W","B","Thermus thermophilus"
"1J3W","C","Thermus thermophilus"
"1J3W","D","Thermus thermophilus"
"1J5U","A","Thermotoga maritima"
"1J5Y","A","Thermotoga maritima"
"1J98","A","Bacillus subtilis"
"1JB0","A","Synechococcus elongatus"
"1JB0","B","Synechococcus elongatus"
"1JB0","C","Synechococcus elongatus"
"1JB0","D","Synechococcus elongatus"
"1JB0","E","Synechococcus elongatus"
"1JB0","F","Synechococcus elongatus"
"1JB0","I","Synechococcus elongatus"
"1JB0","J","Synechococcus elongatus"
"1JB0","K","Synechococcus elongatus"
"1JB0","L","Synechococcus elongatus"
"1JB0","M","Synechococcus elongatus"
"1JB0","X","Synechococcus elongatus"
"1JB3","A","Gallus gallus"
"1JFB","A","Fusarium oxysporum"
"1JHG","A","Escherichia coli"
"1JI7","A","Homo sapiens"
"1JI7","B","Homo sapiens"
"1JI7","C","Homo sapiens"
"1JID","A","Homo sapiens"
"1JID","B",""
"1JKE","A","Escherichia coli"
"1JKE","B","Escherichia coli"
"1JKE","C","Escherichia coli"
"1JKE","D","Escherichia coli"
"1JLY","A","Amaranthus caudatus"
"1JLY","B","Amaranthus caudatus"
"1JNR","A","Archaeoglobus fulgidus"
"1JNR","B","Archaeoglobus fulgidus"
"1JNR","C","Archaeoglobus fulgidus"
"1JNR","D","Archaeoglobus fulgidus"
"1JO0","A","Haemophilus influenzae"
"1JO0","B","Haemophilus influenzae"
"1JOF","A","Neurospora crassa"
"1JOF","B","Neurospora crassa"
"1JOF","C","Neurospora crassa"
"1JOF","D","Neurospora crassa"
"1JOF","E","Neurospora crassa"
"1JOF","F","Neurospora crassa"
"1JOF","G","Neurospora crassa"
"1JOF","H","Neurospora crassa"
"1JOS","A","Haemophilus influenzae"
"1JR8","A","Saccharomyces cerevisiae"
"1JR8","B","Saccharomyces cerevisiae"
"1JS8","A","Enteroctopus dofleini"
"1JS8","B","Enteroctopus dofleini"
"1JW9","B","Escherichia coli"
"1JW9","D","Escherichia coli"
"1JX4","A","Saccharolobus solfataricus"
"1JX4","P",""
"1JX4","T",""
"1K04","A","Homo sapiens"
"1K0R","A","Mycobacterium tuberculosis"
"1K0R","B","Mycobacterium tuberculosis"
"1K1F","A","Homo sapiens"
"1K1F","B","Homo sapiens"
"1K1F","C","Homo sapiens"
"1K1F","D","Homo sapiens"
"1K1F","E","Homo sapiens"
"1K1F","F","Homo sapiens"
"1K1F","G","Homo sapiens"
"1K1F","H","Homo sapiens"
"1K32","A","Thermoplasma acidophilum"
"1K32","B","Thermoplasma acidophilum"
"1K32","C","Thermoplasma acidophilum"
"1K32","D","Thermoplasma acidophilum"
"1K32","E","Thermoplasma acidophilum"
"1K32","F","Thermoplasma acidophilum"
"1K3I","A","Fusarium sp."
"1K3X","A","Escherichia coli"
"1K3X","B",""
"1K3X","C",""
"1K4I","A","Pyricularia grisea"
"1K4T","A","Homo sapiens"
"1K4T","B",""
"1K4T","C",""
"1K4T","D",""
"1K4Z","A","Saccharomyces cerevisiae"
"1K4Z","B","Saccharomyces cerevisiae"
"1K5C","A","Chondrostereum purpureum"
"1K5N","A","Homo sapiens"
"1K5N","B","Homo sapiens"
"1K5N","C",""
"1K6K","A","Escherichia coli"
"1K6Y","A","Human immunodeficiency virus 1"
"1K6Y","B","Human immunodeficiency virus 1"
"1K6Y","C","Human immunodeficiency virus 1"
"1K6Y","D","Human immunodeficiency virus 1"
"1K7C","A","Aspergillus aculeatus"
"1K8K","A","Bos taurus"
"1K8K","B","Bos taurus"
"1K8K","C","Bos taurus"
"1K8K","D","Bos taurus"
"1K8K","E","Bos taurus"
"1K8K","F","Bos taurus"
"1K8K","G","Bos taurus"
"1K92","A","Escherichia coli"
"1KA1","A","Saccharomyces cerevisiae"
"1KAF","A","Escherichia virus T4"
"1KAF","B","Escherichia virus T4"
"1KAF","C","Escherichia virus T4"
"1KAF","D","Escherichia virus T4"
"1KAF","E","Escherichia virus T4"
"1KAF","F","Escherichia virus T4"
"1KAP","I","Pseudomonas aeruginosa"
"1KAP","P","Pseudomonas aeruginosa"
"1KGS","A","Thermotoga maritima"
"1KJN","A","Methanothermobacter thermautotrophicus"
"1KJN","B","Methanothermobacter thermautotrophicus"
"1KJQ","A","Escherichia coli"
"1KJQ","B","Escherichia coli"
"1KL9","A","Homo sapiens"
"1KLX","A","Helicobacter pylori"
"1KMV","A","Homo sapiens"
"1KNM","A","Streptomyces lividans"
"1KNZ","A","Rotavirus A"
"1KNZ","B","Rotavirus A"
"1KNZ","C","Rotavirus A"
"1KNZ","D","Rotavirus A"
"1KNZ","I","Rotavirus A"
"1KNZ","J","Rotavirus A"
"1KNZ","M","Rotavirus A"
"1KNZ","N","Rotavirus A"
"1KNZ","W",""
"1KNZ","X",""
"1KNZ","Y",""
"1KNZ","Z",""
"1KO7","A","Staphylococcus xylosus"
"1KO7","B","Staphylococcus xylosus"
"1KP6","A","Ustilago maydis"
"1KPT","A","Ustilago maydis"
"1KPT","B","Ustilago maydis"
"1KQ6","A","Homo sapiens"
"1KQF","A","Escherichia coli"
"1KQF","B","Escherichia coli"
"1KQF","C","Escherichia coli"
"1KQP","A","Bacillus subtilis"
"1KQP","B","Bacillus subtilis"
"1KWF","A","Hungateiclostridium thermocellum"
"1KYF","A","Mus musculus"
"1KYF","P","Mus musculus"
"1KYQ","A","Saccharomyces cerevisiae"
"1KYQ","B","Saccharomyces cerevisiae"
"1KYQ","C","Saccharomyces cerevisiae"
"1L0Q","A","Methanosarcina mazei"
"1L0Q","B","Methanosarcina mazei"
"1L0Q","C","Methanosarcina mazei"
"1L0Q","D","Methanosarcina mazei"
"1L0S","A","Choristoneura fumiferana"
"1L0S","B","Choristoneura fumiferana"
"1L0S","C","Choristoneura fumiferana"
"1L0S","D","Choristoneura fumiferana"
"1L2P","A","Escherichia coli"
"1L3K","A","Homo sapiens"
"1L3L","A","Agrobacterium tumefaciens"
"1L3L","B","Agrobacterium tumefaciens"
"1L3L","C","Agrobacterium tumefaciens"
"1L3L","D","Agrobacterium tumefaciens"
"1L3L","E",""
"1L3L","F",""
"1L3L","G",""
"1L3L","H",""
"1L3P","A","Phleum pratense"
"1L5J","A","Escherichia coli"
"1L5J","B","Escherichia coli"
"1L6P","A","Escherichia coli"
"1L9L","A","Homo sapiens"
"1LFP","A","Aquifex aeolicus"
"1LG7","A","Vesicular stomatitis virus"
"1LKK","A","Homo sapiens"
"1LKK","B",""
"1LLA","A","Limulus polyphemus"
"1LM5","A","Homo sapiens"
"1LM5","B","Homo sapiens"
"1LMI","A","Mycobacterium tuberculosis"
"1LNS","A","Lactococcus lactis"
"1LPB","A","Sus scrofa"
"1LPB","B","Homo sapiens"
"1LS1","A","Thermus aquaticus"
"1LSH","A","Ichthyomyzon unicuspis"
"1LSH","B","Ichthyomyzon unicuspis"
"1LSL","A","Homo sapiens"
"1M0K","A","Halobacterium salinarum"
"1M15","A","Limulus polyphemus"
"1M1E","A","Mus musculus"
"1M1E","B","Homo sapiens"
"1M1F","A","Escherichia coli"
"1M1F","B","Escherichia coli"
"1M1H","A","Aquifex aeolicus"
"1M22","A","Stenotrophomonas maltophilia"
"1M22","B","Stenotrophomonas maltophilia"
"1M55","A","Adeno-associated dependoparvovirus B"
"1M55","B","Adeno-associated dependoparvovirus B"
"1M56","A","Rhodobacter sphaeroides"
"1M56","B","Rhodobacter sphaeroides"
"1M56","C","Rhodobacter sphaeroides"
"1M56","D","Rhodobacter sphaeroides"
"1M56","G","Rhodobacter sphaeroides"
"1M56","H","Rhodobacter sphaeroides"
"1M56","I","Rhodobacter sphaeroides"
"1M56","J","Rhodobacter sphaeroides"
"1M6Y","A","Thermotoga maritima"
"1M6Y","B","Thermotoga maritima"
"1MC2","A","Deinagkistrodon acutus"
"1MF7","A","Homo sapiens"
"1MG4","A","Homo sapiens"
"1MJ4","A","Homo sapiens"
"1MK0","A","Escherichia virus T4"
"1MKF","A","Murid gammaherpesvirus 4"
"1MKF","B","Murid gammaherpesvirus 4"
"1MKY","A","Thermotoga maritima"
"1MLA","A","Escherichia coli"
"1MTP","A","Thermobifida fusca"
"1MTP","B","Thermobifida fusca"
"1MTY","B","Methylococcus capsulatus"
"1MTY","C","Methylococcus capsulatus"
"1MTY","D","Methylococcus capsulatus"
"1MTY","E","Methylococcus capsulatus"
"1MTY","G","Methylococcus capsulatus"
"1MTY","H","Methylococcus capsulatus"
"1MUW","A","Streptomyces olivochromogenes"
"1MV8","A","Pseudomonas aeruginosa"
"1MV8","B","Pseudomonas aeruginosa"
"1MV8","C","Pseudomonas aeruginosa"
"1MV8","D","Pseudomonas aeruginosa"
"1MVF","A","Camelus dromedarius"
"1MVF","B","Camelus dromedarius"
"1MVF","D","Escherichia coli"
"1MVF","E","Escherichia coli"
"1MW5","A","Haemophilus influenzae"
"1MW5","B","Haemophilus influenzae"
"1MWP","A","Homo sapiens"
"1MWQ","A","Haemophilus influenzae"
"1MWQ","B","Haemophilus influenzae"
"1N13","A","Methanocaldococcus jannaschii"
"1N13","B","Methanocaldococcus jannaschii"
"1N13","C","Methanocaldococcus jannaschii"
"1N13","D","Methanocaldococcus jannaschii"
"1N13","E","Methanocaldococcus jannaschii"
"1N13","F","Methanocaldococcus jannaschii"
"1N13","G","Methanocaldococcus jannaschii"
"1N13","H","Methanocaldococcus jannaschii"
"1N13","I","Methanocaldococcus jannaschii"
"1N13","J","Methanocaldococcus jannaschii"
"1N13","K","Methanocaldococcus jannaschii"
"1N13","L","Methanocaldococcus jannaschii"
"1N3L","A","Homo sapiens"
"1N4W","A","Streptomyces sp. SA-COO"
"1N5U","A","Homo sapiens"
"1N62","A","Oligotropha carboxidovorans"
"1N62","B","Oligotropha carboxidovorans"
"1N62","C","Oligotropha carboxidovorans"
"1N62","D","Oligotropha carboxidovorans"
"1N62","E","Oligotropha carboxidovorans"
"1N62","F","Oligotropha carboxidovorans"
"1N7Z","A","Escherichia virus T4"
"1N7Z","B","Escherichia virus T4"
"1N7Z","C","Escherichia virus T4"
"1N7Z","D","Escherichia virus T4"
"1N81","A","Plasmodium falciparum"
"1N8V","A","Mamestra brassicae"
"1N8V","B","Mamestra brassicae"
"1N93","X","Borna disease virus"
"1NA6","A","Escherichia coli"
"1NA6","B","Escherichia coli"
"1NC7","A","Thermotoga maritima"
"1NC7","B","Thermotoga maritima"
"1NC7","C","Thermotoga maritima"
"1NC7","D","Thermotoga maritima"
"1NG6","A","Bacillus subtilis"
"1NH1","A","Pseudomonas syringae"
"1NH2","A","Saccharomyces cerevisiae"
"1NH2","B","Saccharomyces cerevisiae"
"1NH2","C","Saccharomyces cerevisiae"
"1NH2","D","Saccharomyces cerevisiae"
"1NH2","E",""
"1NH2","F",""
"1NIJ","A","Escherichia coli"
"1NKD","A","Escherichia coli"
"1NKI","A","Pseudomonas aeruginosa"
"1NKI","B","Pseudomonas aeruginosa"
"1NKP","A","Homo sapiens"
"1NKP","B","Homo sapiens"
"1NKP","D","Homo sapiens"
"1NKP","E","Homo sapiens"
"1NKP","F",""
"1NKP","G",""
"1NKP","H",""
"1NKP","J",""
"1NKZ","A","Rhodoblastus acidophilus"
"1NKZ","B","Rhodoblastus acidophilus"
"1NKZ","C","Rhodoblastus acidophilus"
"1NKZ","D","Rhodoblastus acidophilus"
"1NKZ","E","Rhodoblastus acidophilus"
"1NKZ","F","Rhodoblastus acidophilus"
"1NLQ","A","Drosophila melanogaster"
"1NLQ","B","Drosophila melanogaster"
"1NLQ","C","Drosophila melanogaster"
"1NLQ","D","Drosophila melanogaster"
"1NLQ","E","Drosophila melanogaster"
"1NO1","A","Bacillus phage SPP1"
"1NO1","B","Bacillus phage SPP1"
"1NO1","C","Bacillus phage SPP1"
"1NQJ","A","Hathewaya histolytica"
"1NQJ","B","Hathewaya histolytica"
"1NQU","A","Aquifex aeolicus"
"1NQU","B","Aquifex aeolicus"
"1NQU","C","Aquifex aeolicus"
"1NQU","D","Aquifex aeolicus"
"1NQU","E","Aquifex aeolicus"
"1NRJ","A","Saccharomyces cerevisiae"
"1NRJ","B","Saccharomyces cerevisiae"
"1NTH","A","Methanosarcina barkeri"
"1NTY","A","Homo sapiens"
"1NU9","A","Homo sapiens"
"1NU9","C","Staphylococcus aureus"
"1NU9","D","Homo sapiens"
"1NU9","F","Staphylococcus aureus"
"1NVU","Q","Homo sapiens"
"1NVU","R","Homo sapiens"
"1NVU","S","Homo sapiens"
"1NWZ","A","Halorhodospira halophila"
"1NXJ","A","Mycobacterium tuberculosis"
"1NXJ","B","Mycobacterium tuberculosis"
"1NXJ","C","Mycobacterium tuberculosis"
"1NYC","A","Staphylococcus aureus"
"1NYC","B","Staphylococcus aureus"
"1NZE","A","Spinacia oleracea"
"1NZI","A","Homo sapiens"
"1NZI","B","Homo sapiens"
"1O22","A","Thermotoga maritima"
"1O2D","A","Thermotoga maritima"
"1O2D","B","Thermotoga maritima"
"1O3U","A","Thermotoga maritima"
"1O75","A","Treponema pallidum"
"1O75","B","Treponema pallidum"
"1O7J","A","Dickeya chrysanthemi"
"1O7J","B","Dickeya chrysanthemi"
"1O7J","C","Dickeya chrysanthemi"
"1O7J","D","Dickeya chrysanthemi"
"1O7Q","A","Bos taurus"
"1O7Q","B","Bos taurus"
"1O82","A","Enterococcus faecalis"
"1O82","B","Enterococcus faecalis"
"1O82","C","Enterococcus faecalis"
"1O82","D","Enterococcus faecalis"
"1O8B","A","Escherichia coli"
"1O8B","B","Escherichia coli"
"1O98","A","Geobacillus stearothermophilus"
"1OA8","A","Homo sapiens"
"1OA8","B","Homo sapiens"
"1OA8","C","Homo sapiens"
"1OA8","D","Homo sapiens"
"1OAI","A","Homo sapiens"
"1OAI","B","Homo sapiens"
"1OC0","A","Homo sapiens"
"1OC0","B","Homo sapiens"
"1OFC","X","Drosophila melanogaster"
"1OFD","A","Synechocystis sp. PCC 6803"
"1OFD","B","Synechocystis sp. PCC 6803"
"1OFZ","A","Aleuria aurantia"
"1OFZ","B","Aleuria aurantia"
"1OGM","X","Talaromyces minioluteus"
"1OIS","A","Saccharomyces cerevisiae"
"1OJH","A","Nostoc sp. PCC 7120"
"1OJH","B","Nostoc sp. PCC 7120"
"1OJH","C","Nostoc sp. PCC 7120"
"1OJH","D","Nostoc sp. PCC 7120"
"1OJH","E","Nostoc sp. PCC 7120"
"1OJH","F","Nostoc sp. PCC 7120"
"1OJH","G","Nostoc sp. PCC 7120"
"1OJH","H","Nostoc sp. PCC 7120"
"1OJH","I","Nostoc sp. PCC 7120"
"1OJH","J","Nostoc sp. PCC 7120"
"1OJH","K","Nostoc sp. PCC 7120"
"1OJH","L","Nostoc sp. PCC 7120"
"1OK0","A","Streptomyces tendae"
"1OKC","A","Bos taurus"
"1OKS","A","Measles morbillivirus"
"1OLZ","A","Homo sapiens"
"1OLZ","B","Homo sapiens"
"1ON2","A","Bacillus subtilis"
"1ON2","B","Bacillus subtilis"
"1OO0","A","Drosophila melanogaster"
"1OO0","B","Drosophila melanogaster"
"1OQJ","A","Homo sapiens"
"1OQJ","B","Homo sapiens"
"1OR7","A","Escherichia coli"
"1OR7","B","Escherichia coli"
"1OR7","C","Escherichia coli"
"1OR7","F","Escherichia coli"
"1ORJ","A","Aquifex aeolicus"
"1ORJ","B","Aquifex aeolicus"
"1ORJ","C","Aquifex aeolicus"
"1ORJ","D","Aquifex aeolicus"
"1OSY","A","Flammulina velutipes"
"1OSY","B","Flammulina velutipes"
"1OU8","A","Haemophilus influenzae"
"1OU8","B","Haemophilus influenzae"
"1OU8","C",""
"1OU8","D",""
"1OV9","A","Vibrio cholerae"
"1OV9","B","Vibrio cholerae"
"1OW1","A","Homo sapiens"
"1OWL","A","Synechococcus elongatus"
"1OXX","K","Saccharolobus solfataricus"
"1OZJ","A","Homo sapiens"
"1OZJ","B","Homo sapiens"
"1OZJ","C",""
"1OZJ","D",""
"1OZN","A","Homo sapiens"
"1P1X","A","Escherichia coli"
"1P1X","B","Escherichia coli"
"1P5D","X","Pseudomonas aeruginosa"
"1P6O","A","Saccharomyces cerevisiae"
"1P6O","B","Saccharomyces cerevisiae"
"1P90","A","Azotobacter vinelandii"
"1P9G","A","Eucommia ulmoides"
"1P9Y","A","Escherichia coli"
"1P9Y","B","Escherichia coli"
"1PBY","A","Paracoccus denitrificans"
"1PBY","B","Paracoccus denitrificans"
"1PBY","C","Paracoccus denitrificans"
"1PFO","A","Clostridium perfringens"
"1PFV","A","Escherichia coli"
"1PI1","A","Homo sapiens"
"1PM4","A","Yersinia pseudotuberculosis"
"1PM4","B","Yersinia pseudotuberculosis"
"1PM4","C","Yersinia pseudotuberculosis"
"1PP0","A","Volvariella volvacea"
"1PP0","B","Volvariella volvacea"
"1PP0","C","Volvariella volvacea"
"1PP0","D","Volvariella volvacea"
"1PPJ","A","Bos taurus"
"1PPJ","B","Bos taurus"
"1PPJ","C","Bos taurus"
"1PPJ","D","Bos taurus"
"1PPJ","E","Bos taurus"
"1PPJ","F","Bos taurus"
"1PPJ","G","Bos taurus"
"1PPJ","H","Bos taurus"
"1PPJ","I","Bos taurus"
"1PPJ","J","Bos taurus"
"1PPJ","N","Bos taurus"
"1PPJ","O","Bos taurus"
"1PPJ","P","Bos taurus"
"1PPJ","Q","Bos taurus"
"1PPJ","R","Bos taurus"
"1PPJ","S","Bos taurus"
"1PPJ","T","Bos taurus"
"1PPJ","U","Bos taurus"
"1PPJ","V","Bos taurus"
"1PPJ","W","Bos taurus"
"1PPR","M","Amphidinium carterae"
"1PPR","N","Amphidinium carterae"
"1PPR","O","Amphidinium carterae"
"1PUC","A","Schizosaccharomyces pombe"
"1PV5","A","Bacillus subtilis"
"1PVM","A","Thermoplasma acidophilum"
"1PVM","B","Thermoplasma acidophilum"
"1PX5","A","Sus scrofa"
"1PX5","B","Sus scrofa"
"1PZ4","A","Aedes aegypti"
"1Q0Q","A","Escherichia coli"
"1Q0Q","B","Escherichia coli"
"1Q2H","A","Homo sapiens"
"1Q2H","B","Homo sapiens"
"1Q2H","C","Homo sapiens"
"1Q5Y","A","Escherichia coli"
"1Q5Y","B","Escherichia coli"
"1Q5Y","C","Escherichia coli"
"1Q5Y","D","Escherichia coli"
"1Q5Z","A","Salmonella enterica"
"1Q6Z","A","Pseudomonas putida"
"1Q74","A","Mycobacterium tuberculosis"
"1Q74","B","Mycobacterium tuberculosis"
"1Q74","C","Mycobacterium tuberculosis"
"1Q74","D","Mycobacterium tuberculosis"
"1Q88","A","Trichomonas vaginalis"
"1Q88","B","Trichomonas vaginalis"
"1Q8D","A","Rattus norvegicus"
"1Q9U","A","Geobacillus stearothermophilus"
"1Q9U","B","Geobacillus stearothermophilus"
"1QD1","A","Sus scrofa"
"1QD1","B","Sus scrofa"
"1QD6","A","Escherichia coli"
"1QD6","B","Escherichia coli"
"1QD6","C","Escherichia coli"
"1QD6","D","Escherichia coli"
"1QEX","A","Escherichia virus T4"
"1QEX","B","Escherichia virus T4"
"1QF8","A","Homo sapiens"
"1QF8","B","Homo sapiens"
"1QKS","A","Paracoccus pantotrophus"
"1QKS","B","Paracoccus pantotrophus"
"1QMH","A","Escherichia coli"
"1QMH","B","Escherichia coli"
"1QQP","1","Foot-and-mouth disease virus"
"1QQP","2","Foot-and-mouth disease virus"
"1QQP","3","Foot-and-mouth disease virus"
"1QQP","4","Foot-and-mouth disease virus"
"1QTN","A","Homo sapiens"
"1QTN","B","Homo sapiens"
"1QTN","C",""
"1QW2","A","Thermoplasma acidophilum"
"1QWG","A","Methanocaldococcus jannaschii"
"1R0D","A","Homo sapiens"
"1R0D","B","Homo sapiens"
"1R0D","D","Homo sapiens"
"1R0D","E","Homo sapiens"
"1R0D","F","Homo sapiens"
"1R0D","G","Homo sapiens"
"1R0D","H","Homo sapiens"
"1R0D","I","Homo sapiens"
"1R0M","A","Deinococcus radiodurans"
"1R0M","B","Deinococcus radiodurans"
"1R0M","C","Deinococcus radiodurans"
"1R0M","D","Deinococcus radiodurans"
"1R0R","E","Bacillus licheniformis"
"1R0R","I","Meleagris gallopavo"
"1R0V","A","Archaeoglobus fulgidus"
"1R0V","B","Archaeoglobus fulgidus"
"1R0V","C","Archaeoglobus fulgidus"
"1R0V","D","Archaeoglobus fulgidus"
"1R29","A","Homo sapiens"
"1R5L","A","Homo sapiens"
"1R6J","A","Homo sapiens"
"1R71","A","Escherichia coli"
"1R71","B","Escherichia coli"
"1R71","C","Escherichia coli"
"1R71","D","Escherichia coli"
"1R71","E",""
"1R71","F",""
"1R71","G",""
"1R71","H",""
"1R71","I",""
"1R71","J",""
"1R71","K",""
"1R71","L",""
"1R7L","A","Bacillus cereus"
"1R7L","B","Bacillus cereus"
"1R8S","A","Bos taurus"
"1R8S","E","Homo sapiens"
"1R9F","A","Tomato bushy stunt virus"
"1R9F","B",""
"1R9F","C",""
"1RC9","A","Trimeresurus stejnegeri"
"1RCQ","A","Pseudomonas aeruginosa"
"1REG","X","Escherichia virus T4"
"1REG","Y","Escherichia virus T4"
"1RFY","A","Agrobacterium tumefaciens"
"1RFY","B","Agrobacterium tumefaciens"
"1RG8","A","Homo sapiens"
"1RG8","B","Homo sapiens"
"1RGX","A","Mus musculus"
"1RGX","B","Mus musculus"
"1RGX","C","Mus musculus"
"1RI6","A","Escherichia coli"
"1RK8","A","Drosophila melanogaster"
"1RK8","B","Drosophila melanogaster"
"1RK8","C","Drosophila melanogaster"
"1RKI","A","Pyrobaculum aerophilum"
"1RKI","B","Pyrobaculum aerophilum"
"1RL6","A","Geobacillus stearothermophilus"
"1RLR","A","Escherichia coli"
"1ROC","A","Saccharomyces cerevisiae"
"1RSS","A","Thermus thermophilus"
"1RTQ","A","Vibrio proteolyticus"
"1RWH","A","Paenarthrobacter aurescens"
"1RWI","A","Mycobacterium tuberculosis"
"1RWI","B","Mycobacterium tuberculosis"
"1RYL","A","Escherichia coli"
"1RYL","B","Escherichia coli"
"1RYQ","A","Pyrococcus furiosus"
"1S0P","A","Dictyostelium discoideum"
"1S0P","B","Dictyostelium discoideum"
"1S1D","A","Homo sapiens"
"1S1D","B","Homo sapiens"
"1S2X","A","Helicobacter pylori"
"1S7M","A","Haemophilus influenzae"
"1S7M","B","Haemophilus influenzae"
"1S7M","C","Haemophilus influenzae"
"1S7M","D","Haemophilus influenzae"
"1S7M","E","Haemophilus influenzae"
"1S7M","F","Haemophilus influenzae"
"1S7Z","A","Escherichia virus T7"
"1S98","A","Escherichia coli"
"1S98","B","Escherichia coli"
"1S99","A","Bacillus subtilis"
"1S99","B","Bacillus subtilis"
"1SBX","A","Homo sapiens"
"1SDI","A","Escherichia coli"
"1SED","A","Bacillus subtilis"
"1SED","B","Bacillus subtilis"
"1SED","C","Bacillus subtilis"
"1SEI","A","Geobacillus stearothermophilus"
"1SEI","B","Geobacillus stearothermophilus"
"1SF9","A","Bacillus subtilis"
"1SG4","A","Homo sapiens"
"1SG4","B","Homo sapiens"
"1SG4","C","Homo sapiens"
"1SJ7","A","Mus musculus"
"1SJ7","B","Mus musculus"
"1SJ7","C","Mus musculus"
"1SKN","A",""
"1SKN","B",""
"1SKN","P","Caenorhabditis elegans"
"1SLU","A","Escherichia coli"
"1SLU","B","Rattus norvegicus"
"1SR8","A","Archaeoglobus fulgidus"
"1SVB","A","Tick-borne encephalitis virus"
"1SYX","A","Homo sapiens"
"1SYX","B","Homo sapiens"
"1SYX","C","Homo sapiens"
"1SYX","D","Homo sapiens"
"1SYX","E","Homo sapiens"
"1SYX","F","Homo sapiens"
"1SZ7","A","Homo sapiens"
"1SZH","A","Caenorhabditis elegans"
"1SZH","B","Caenorhabditis elegans"
"1T07","A","Pseudomonas aeruginosa"
"1T11","A","Vibrio cholerae"
"1T11","B","Vibrio cholerae"
"1T1E","A","Bacillus sp. MN-32"
"1T1U","A","Rattus norvegicus"
"1T2D","A","Plasmodium falciparum"
"1T3U","A","Pseudomonas aeruginosa"
"1T3U","B","Pseudomonas aeruginosa"
"1T3U","C","Pseudomonas aeruginosa"
"1T3U","D","Pseudomonas aeruginosa"
"1T6A","A","Geobacillus stearothermophilus"
"1T6U","A","Streptomyces coelicolor"
"1T6U","B","Streptomyces coelicolor"
"1T6U","C","Streptomyces coelicolor"
"1T6U","D","Streptomyces coelicolor"
"1T6U","E","Streptomyces coelicolor"
"1T6U","F","Streptomyces coelicolor"
"1T6U","G","Streptomyces coelicolor"
"1T6U","H","Streptomyces coelicolor"
"1T6U","I","Streptomyces coelicolor"
"1T6U","J","Streptomyces coelicolor"
"1T6U","K","Streptomyces coelicolor"
"1T6U","L","Streptomyces coelicolor"
"1T77","A","Homo sapiens"
"1T77","B","Homo sapiens"
"1T77","C","Homo sapiens"
"1T77","D","Homo sapiens"
"1T8K","A","Escherichia coli"
"1T9I","A","Chlamydomonas reinhardtii"
"1T9I","B","Chlamydomonas reinhardtii"
"1T9I","C",""
"1T9I","D",""
"1TD6","A","Mycoplasma pneumoniae"
"1TF5","A","Bacillus subtilis"
"1TIG","A","Geobacillus stearothermophilus"
"1TJX","A","Rattus norvegicus"
"1TKE","A","Escherichia coli"
"1TL2","A","Tachypleus tridentatus"
"1TS9","A","Archaeoglobus fulgidus"
"1TT8","A","Escherichia coli"
"1TUK","A","Triticum aestivum"
"1TUL","A","Autographa californica multiple nucleopolyhedrovirus"
"1TWF","A","Saccharomyces cerevisiae"
"1TWF","B","Saccharomyces cerevisiae"
"1TWF","C","Saccharomyces cerevisiae"
"1TWF","E","Saccharomyces cerevisiae"
"1TWF","F","Saccharomyces cerevisiae"
"1TWF","H","Saccharomyces cerevisiae"
"1TWF","I","Saccharomyces cerevisiae"
"1TWF","J","Saccharomyces cerevisiae"
"1TWF","K","Saccharomyces cerevisiae"
"1TWF","L","Saccharomyces cerevisiae"
"1TX4","A","Homo sapiens"
"1TX4","B","Homo sapiens"
"1TZB","A","Pyrobaculum aerophilum"
"1TZB","B","Pyrobaculum aerophilum"
"1U07","A","Escherichia coli"
"1U07","B","Escherichia coli"
"1U2C","A","Mus musculus"
"1U2H","A","Homo sapiens"
"1U5K","A","Deinococcus radiodurans"
"1U5K","B","Deinococcus radiodurans"
"1U5P","A","Gallus gallus"
"1U6K","A","Methanopyrus kandleri"
"1U6K","B","Methanopyrus kandleri"
"1U6K","C","Methanopyrus kandleri"
"1U7G","A","Escherichia coli"
"1U7Z","A","Escherichia coli"
"1U7Z","B","Escherichia coli"
"1U7Z","C","Escherichia coli"
"1U84","A","Geobacillus stearothermophilus"
"1U94","A","Escherichia coli"
"1UCD","A","Momordica charantia"
"1UCS","A","Lycodichthys dearborni"
"1UDX","A","Thermus thermophilus"
"1UFI","A","Homo sapiens"
"1UFI","B","Homo sapiens"
"1UFI","C","Homo sapiens"
"1UFI","D","Homo sapiens"
"1UFY","A","Thermus thermophilus"
"1UGI","A","Bacillus phage PBS2"
"1UGI","B","Bacillus phage PBS2"
"1UGI","C","Bacillus phage PBS2"
"1UGI","D","Bacillus phage PBS2"
"1UGI","E","Bacillus phage PBS2"
"1UGI","F","Bacillus phage PBS2"
"1UGI","G","Bacillus phage PBS2"
"1UGI","H","Bacillus phage PBS2"
"1UJ8","A","Escherichia coli"
"1UNQ","A","Homo sapiens"
"1UOY","A","Penicillium brevicompactum"
"1UPT","A","Homo sapiens"
"1UPT","B","Homo sapiens"
"1UPT","C","Homo sapiens"
"1UPT","D","Homo sapiens"
"1UPT","E","Homo sapiens"
"1UPT","F","Homo sapiens"
"1UPT","G","Homo sapiens"
"1UPT","H","Homo sapiens"
"1US0","A","Homo sapiens"
"1US7","A","Saccharomyces cerevisiae"
"1US7","B","Homo sapiens"
"1USM","A","Thermus thermophilus"
"1USU","A","Saccharomyces cerevisiae"
"1USU","B","Saccharomyces cerevisiae"
"1UT7","A","Arabidopsis thaliana"
"1UT7","B","Arabidopsis thaliana"
"1UTG","A","Oryctolagus cuniculus"
"1UTY","A","Bluetongue virus"
"1UTY","B","Bluetongue virus"
"1UUJ","A","Mus musculus"
"1UUJ","B","Mus musculus"
"1UUJ","C","Mus musculus"
"1UUJ","D","Mus musculus"
"1UUY","A","Arabidopsis thaliana"
"1UV7","A","Vibrio cholerae"
"1UV7","B","Vibrio cholerae"
"1UWK","A","Pseudomonas putida"
"1UWK","B","Pseudomonas putida"
"1UX5","A","Saccharomyces cerevisiae"
"1UXY","A","Escherichia coli"
"1UZ3","A","Homo sapiens"
"1UZ3","B","Homo sapiens"
"1UZ5","A","Pyrococcus horikoshii"
"1V30","A","Pyrococcus horikoshii"
"1V58","A","Escherichia coli"
"1V58","B","Escherichia coli"
"1V6P","A","Naja atra"
"1V6P","B","Naja atra"
"1V74","A","Escherichia coli"
"1V74","B","Escherichia coli"
"1V7Z","A","Pseudomonas sp."
"1V7Z","B","Pseudomonas sp."
"1V7Z","C","Pseudomonas sp."
"1V7Z","D","Pseudomonas sp."
"1V7Z","E","Pseudomonas sp."
"1V7Z","F","Pseudomonas sp."
"1V8C","A","Thermus thermophilus"
"1V8C","B","Thermus thermophilus"
"1V8C","C","Thermus thermophilus"
"1V8C","D","Thermus thermophilus"
"1VAJ","A","Pyrococcus horikoshii"
"1VBW","A","Momordica charantia"
"1VCC","A","Vaccinia virus"
"1VCL","A","Cucumaria echinata"
"1VCL","B","Cucumaria echinata"
"1VD6","A","Thermus thermophilus"
"1VF6","A","Homo sapiens"
"1VF6","B","Homo sapiens"
"1VF6","C","Mus musculus"
"1VF6","D","Mus musculus"
"1VF7","A","Pseudomonas aeruginosa"
"1VF7","B","Pseudomonas aeruginosa"
"1VF7","C","Pseudomonas aeruginosa"
"1VF7","D","Pseudomonas aeruginosa"
"1VF7","E","Pseudomonas aeruginosa"
"1VF7","F","Pseudomonas aeruginosa"
"1VF7","G","Pseudomonas aeruginosa"
"1VF7","H","Pseudomonas aeruginosa"
"1VF7","I","Pseudomonas aeruginosa"
"1VF7","J","Pseudomonas aeruginosa"
"1VF7","K","Pseudomonas aeruginosa"
"1VF7","L","Pseudomonas aeruginosa"
"1VF7","M","Pseudomonas aeruginosa"
"1VH4","A","Escherichia coli"
"1VH4","B","Escherichia coli"
"1VI6","A","Archaeoglobus fulgidus"
"1VI6","B","Archaeoglobus fulgidus"
"1VI6","C","Archaeoglobus fulgidus"
"1VI6","D","Archaeoglobus fulgidus"
"1VIO","A","Haemophilus influenzae"
"1VIO","B","Haemophilus influenzae"
"1VJL","A","Thermotoga maritima"
"1VJL","B","Thermotoga maritima"
"1VK1","A","Pyrococcus furiosus"
"1VK5","A","Arabidopsis thaliana"
"1VKE","A","Thermotoga maritima"
"1VKE","B","Thermotoga maritima"
"1VKE","C","Thermotoga maritima"
"1VKE","D","Thermotoga maritima"
"1VKE","E","Thermotoga maritima"
"1VKE","F","Thermotoga maritima"
"1VKF","A","Thermotoga maritima"
"1VKF","B","Thermotoga maritima"
"1VKF","C","Thermotoga maritima"
"1VKF","D","Thermotoga maritima"
"1VKM","A","Thermotoga maritima"
"1VKM","B","Thermotoga maritima"
"1VKM","C","Thermotoga maritima"
"1VKM","D","Thermotoga maritima"
"1VKM","E","Thermotoga maritima"
"1VKM","F","Thermotoga maritima"
"1VLR","A","Mus musculus"
"1VLR","B","Mus musculus"
"1VLY","A","Escherichia coli"
"1VMB","A","Thermotoga maritima"
"1VMH","A","Clostridium acetobutylicum"
"1VMO","A","Gallus gallus"
"1VMO","B","Gallus gallus"
"1VP7","A","Bordetella pertussis"
"1VP7","B","Bordetella pertussis"
"1VP7","C","Bordetella pertussis"
"1VP7","D","Bordetella pertussis"
"1VP7","E","Bordetella pertussis"
"1VP7","F","Bordetella pertussis"
"1VP8","A","Archaeoglobus fulgidus"
"1VPB","A","Bacteroides thetaiotaomicron"
"1VPQ","A","Thermotoga maritima"
"1VQ8","0","Haloarcula marismortui"
"1VQ8","1","Haloarcula marismortui"
"1VQ8","2","Haloarcula marismortui"
"1VQ8","3","Haloarcula marismortui"
"1VQ8","4",""
"1VQ8","9","Haloarcula marismortui"
"1VQ8","A","Haloarcula marismortui"
"1VQ8","B","Haloarcula marismortui"
"1VQ8","C","Haloarcula marismortui"
"1VQ8","D","Haloarcula marismortui"
"1VQ8","E","Haloarcula marismortui"
"1VQ8","F","Haloarcula marismortui"
"1VQ8","G","Haloarcula marismortui"
"1VQ8","H","Haloarcula marismortui"
"1VQ8","I","Haloarcula marismortui"
"1VQ8","J","Haloarcula marismortui"
"1VQ8","K","Haloarcula marismortui"
"1VQ8","L","Haloarcula marismortui"
"1VQ8","M","Haloarcula marismortui"
"1VQ8","N","Haloarcula marismortui"
"1VQ8","O","Haloarcula marismortui"
"1VQ8","P","Haloarcula marismortui"
"1VQ8","Q","Haloarcula marismortui"
"1VQ8","R","Haloarcula marismortui"
"1VQ8","S","Haloarcula marismortui"
"1VQ8","T","Haloarcula marismortui"
"1VQ8","U","Haloarcula marismortui"
"1VQ8","V","Haloarcula marismortui"
"1VQ8","W","Haloarcula marismortui"
"1VQ8","X","Haloarcula marismortui"
"1VQ8","Y","Haloarcula marismortui"
"1VQ8","Z","Haloarcula marismortui"
"1VR0","A","Clostridium acetobutylicum"
"1VR0","B","Clostridium acetobutylicum"
"1VR0","C","Clostridium acetobutylicum"
"1VR4","A","Bacillus cereus"
"1VR4","B","Bacillus cereus"
"1VR4","C","Bacillus cereus"
"1VR4","D","Bacillus cereus"
"1VR4","E","Bacillus cereus"
"1VR7","A","Thermotoga maritima"
"1VR7","B","Thermotoga maritima"
"1VRM","A","Thermotoga maritima"
"1VYR","A","Enterobacter cloacae"
"1VZM","A","Argyrosomus regius"
"1VZM","B","Argyrosomus regius"
"1VZM","C","Argyrosomus regius"
"1VZY","A","Bacillus subtilis"
"1VZY","B","Bacillus subtilis"
"1W0N","A","Paenibacillus polymyxa"
"1W23","A","Bacillus alcalophilus"
"1W23","B","Bacillus alcalophilus"
"1W53","A","Bacillus subtilis"
"1W66","A","Mycobacterium tuberculosis"
"1W6S","A","Methylorubrum extorquens"
"1W6S","B","Methylorubrum extorquens"
"1W6S","C","Methylorubrum extorquens"
"1W6S","D","Methylorubrum extorquens"
"1W7C","A","Komagataella pastoris"
"1W85","A","Geobacillus stearothermophilus"
"1W85","B","Geobacillus stearothermophilus"
"1W85","C","Geobacillus stearothermophilus"
"1W85","D","Geobacillus stearothermophilus"
"1W85","E","Geobacillus stearothermophilus"
"1W85","F","Geobacillus stearothermophilus"
"1W85","G","Geobacillus stearothermophilus"
"1W85","H","Geobacillus stearothermophilus"
"1W85","I","Geobacillus stearothermophilus"
"1W85","J","Geobacillus stearothermophilus"
"1WB9","A","Escherichia coli"
"1WB9","B","Escherichia coli"
"1WB9","E",""
"1WB9","F","Escherichia coli"
"1WCW","A","Thermus thermophilus"
"1WD3","A","Aspergillus kawachii"
"1WDD","A","Oryza sativa"
"1WDD","E","Oryza sativa"
"1WDD","S","Oryza sativa"
"1WDD","W","Oryza sativa"
"1WEH","A","Thermus thermophilus"
"1WEH","B","Thermus thermophilus"
"1WHI","A","Geobacillus stearothermophilus"
"1WHZ","A","Thermus thermophilus"
"1WJX","A","Thermus thermophilus"
"1WLG","A","Salmonella enterica"
"1WLG","B","Salmonella enterica"
"1WN2","A","Pyrococcus horikoshii"
"1WNA","A","Thermus thermophilus"
"1WNY","A","Thermus thermophilus"
"1WNY","B","Thermus thermophilus"
"1WPB","A","Escherichia coli"
"1WPB","B","Escherichia coli"
"1WPB","C","Escherichia coli"
"1WPB","D","Escherichia coli"
"1WPB","E","Escherichia coli"
"1WPB","F","Escherichia coli"
"1WPB","G","Escherichia coli"
"1WPB","H","Escherichia coli"
"1WPB","I","Escherichia coli"
"1WPB","J","Escherichia coli"
"1WPB","K","Escherichia coli"
"1WPB","L","Escherichia coli"
"1WPB","M","Escherichia coli"
"1WPB","N","Escherichia coli"
"1WPB","O","Escherichia coli"
"1WPB","P","Escherichia coli"
"1WPN","A","Bacillus subtilis"
"1WPN","B","Bacillus subtilis"
"1WQG","A","Mycobacterium tuberculosis"
"1WQJ","B","Homo sapiens"
"1WQJ","I","Homo sapiens"
"1WTJ","A","Pseudomonas syringae group genomosp. 3"
"1WTJ","B","Pseudomonas syringae group genomosp. 3"
"1WU9","A","Homo sapiens"
"1WU9","B","Homo sapiens"
"1WUB","A","Thermus thermophilus"
"1WUI","L","Desulfovibrio vulgaris"
"1WUI","S","Desulfovibrio vulgaris"
"1WVQ","A","Pyrobaculum aerophilum"
"1WVQ","B","Pyrobaculum aerophilum"
"1WVQ","C","Pyrobaculum aerophilum"
"1WY5","A","Aquifex aeolicus"
"1WY5","B","Aquifex aeolicus"
"1WY6","A","Sulfurisphaera tokodaii"
"1X2I","A","Pyrococcus furiosus"
"1X2I","B","Pyrococcus furiosus"
"1X38","A","Hordeum vulgare"
"1X3L","A","Pyrococcus horikoshii"
"1X6O","A","Leishmania braziliensis"
"1X8Q","A","Rhodnius prolixus"
"1X91","A","Arabidopsis thaliana"
"1X9D","A","Homo sapiens"
"1X9Z","A","Escherichia coli"
"1X9Z","B","Escherichia coli"
"1XAK","A","Severe acute respiratory syndrome-related coronavirus"
"1XBI","A","Methanocaldococcus jannaschii"
"1XDN","A","Trypanosoma brucei"
"1XEO","A","Escherichia coli"
"1XG0","A","Rhodomonas sp. CS24"
"1XG0","B","Rhodomonas sp. CS24"
"1XG0","C","Rhodomonas sp. CS24"
"1XG0","D","Rhodomonas sp. CS24"
"1XKP","A","Yersinia pestis"
"1XKP","B","Yersinia pestis"
"1XKP","C","Yersinia pestis"
"1XKR","A","Thermotoga maritima"
"1XLY","A","Saccharomyces cerevisiae"
"1XLY","B","Saccharomyces cerevisiae"
"1XM3","A","Bacillus subtilis"
"1XM3","B","Bacillus subtilis"
"1XM3","C","Bacillus subtilis"
"1XM3","D","Bacillus subtilis"
"1XMB","A","Arabidopsis thaliana"
"1XMK","A","Homo sapiens"
"1XPP","A","Thermoplasma acidophilum"
"1XPP","B","Thermoplasma acidophilum"
"1XPP","C","Thermoplasma acidophilum"
"1XPP","D","Thermoplasma acidophilum"
"1XQO","A","Pyrobaculum aerophilum"
"1XSV","A","Staphylococcus aureus"
"1XSV","B","Staphylococcus aureus"
"1XSZ","A","Legionella pneumophila"
"1XSZ","B","Legionella pneumophila"
"1XU1","A","Mus musculus"
"1XU1","B","Mus musculus"
"1XU1","D","Mus musculus"
"1XU1","R","Homo sapiens"
"1XU1","S","Homo sapiens"
"1XU1","T","Homo sapiens"
"1XUB","A","Pseudomonas fluorescens"
"1XVS","A","Vibrio cholerae"
"1XVS","B","Vibrio cholerae"
"1Y02","A","Homo sapiens"
"1Y0N","A","Pseudomonas aeruginosa"
"1Y0P","A","Shewanella frigidimarina"
"1Y6X","A","Mycobacterium tuberculosis"
"1Y9I","A","Listeria monocytogenes"
"1Y9I","B","Listeria monocytogenes"
"1Y9I","C","Listeria monocytogenes"
"1Y9I","D","Listeria monocytogenes"
"1YB3","A","Pyrococcus furiosus"
"1YC9","A","Vibrio cholerae"
"1YFQ","A","Saccharomyces cerevisiae"
"1YFS","A","Aquifex aeolicus"
"1YFS","B","Aquifex aeolicus"
"1YK4","A","Pyrococcus abyssi"
"1YLX","A","Geobacillus stearothermophilus"
"1YLX","B","Geobacillus stearothermophilus"
"1YOZ","A","Archaeoglobus fulgidus"
"1YOZ","B","Archaeoglobus fulgidus"
"1YT3","A","Escherichia coli"
"1YU0","A","Bordetella virus BPP1"
"1YU5","X","Gallus gallus"
"1YVR","A","Xenopus laevis"
"1YZY","A","Haemophilus influenzae"
"1YZY","B","Haemophilus influenzae"
"1Z0J","A","Mus musculus"
"1Z0J","B","Homo sapiens"
"1Z0P","A","Streptococcus pyogenes"
"1Z0W","A","Archaeoglobus fulgidus"
"1Z2U","A","Caenorhabditis elegans"
"1Z3E","A","Bacillus subtilis"
"1Z3E","B","Bacillus subtilis"
"1Z3X","A","Thermosynechococcus elongatus"
"1Z67","A","Shigella flexneri"
"1Z8G","A","Homo sapiens"
"1Z8G","L",""
"1Z9T","A","Escherichia coli"
"1ZAT","A","Enterococcus faecium"
"1ZAV","A","Thermotoga maritima"
"1ZAV","U","Thermotoga maritima"
"1ZAV","V","Thermotoga maritima"
"1ZAV","W","Thermotoga maritima"
"1ZAV","X","Thermotoga maritima"
"1ZAV","Y","Thermotoga maritima"
"1ZAV","Z","Thermotoga maritima"
"1ZBP","A","Vibrio parahaemolyticus"
"1ZCE","A","Agrobacterium fabrum"
"1ZD0","A","Pyrococcus furiosus"
"1ZEL","A","Mycobacterium tuberculosis"
"1ZEL","B","Mycobacterium tuberculosis"
"1ZGK","A","Homo sapiens"
"1ZHX","A","Saccharomyces cerevisiae"
"1ZIN","A","Geobacillus stearothermophilus"
"1ZJC","A","Staphylococcus aureus"
"1ZKE","A","Helicobacter pylori"
"1ZKE","B","Helicobacter pylori"
"1ZKE","C","Helicobacter pylori"
"1ZKE","D","Helicobacter pylori"
"1ZKE","E","Helicobacter pylori"
"1ZKE","F","Helicobacter pylori"
"1ZL0","A","Pseudomonas aeruginosa"
"1ZL0","B","Pseudomonas aeruginosa"
"1ZME","A","Saccharomyces cerevisiae"
"1ZME","B",""
"1ZME","C","Saccharomyces cerevisiae"
"1ZME","D","Saccharomyces cerevisiae"
"1ZOQ","A","Homo sapiens"
"1ZOQ","B","Homo sapiens"
"1ZOQ","C","Homo sapiens"
"1ZOQ","D","Homo sapiens"
"1ZPS","A","Methanothermobacter thermautotrophicus"
"1ZPS","B","Methanothermobacter thermautotrophicus"
"1ZSO","A","Plasmodium falciparum"
"1ZSO","B","Plasmodium falciparum"
"1ZT3","A","Homo sapiens"
"1ZZK","A","Homo sapiens"
"2A1V","A","Deinococcus radiodurans"
"2A26","A","Homo sapiens"
"2A26","B","Homo sapiens"
"2A26","C","Homo sapiens"
"2A2L","A","Klebsiella pneumoniae"
"2A2L","B","Klebsiella pneumoniae"
"2A2L","C","Klebsiella pneumoniae"
"2A2L","D","Klebsiella pneumoniae"
"2A65","A","Aquifex aeolicus"
"2A90","A","Drosophila melanogaster"
"2A9D","A","Gallus gallus"
"2A9D","B","Gallus gallus"
"2A9S","A","Agrobacterium fabrum"
"2A9S","B","Agrobacterium fabrum"
"2A9U","A","Homo sapiens"
"2A9U","B","Homo sapiens"
"2AEF","A","Methanothermobacter thermautotrophicus"
"2AEF","B","Methanothermobacter thermautotrophicus"
"2AG4","A","Homo sapiens"
"2AG4","B","Homo sapiens"
"2AHM","A","Severe acute respiratory syndrome-related coronavirus"
"2AHM","B","Severe acute respiratory syndrome-related coronavirus"
"2AHM","C","Severe acute respiratory syndrome-related coronavirus"
"2AHM","D","Severe acute respiratory syndrome-related coronavirus"
"2AHM","E","Severe acute respiratory syndrome-related coronavirus"
"2AHM","F","Severe acute respiratory syndrome-related coronavirus"
"2AHM","G","Severe acute respiratory syndrome-related coronavirus"
"2AHM","H","Severe acute respiratory syndrome-related coronavirus"
"2AIB","A","Phytophthora cinnamomi"
"2AIB","B","Phytophthora cinnamomi"
"2AJ7","A","Bacillus halodurans"
"2AJ7","B","Bacillus halodurans"
"2AP3","A","Staphylococcus aureus"
"2APL","A","Porphyromonas gingivalis"
"2APO","A","Methanocaldococcus jannaschii"
"2APO","B","Methanocaldococcus jannaschii"
"2ARC","A","Escherichia coli"
"2ARC","B","Escherichia coli"
"2ASB","A","Mycobacterium tuberculosis"
"2ASB","B",""
"2ASK","A","Homo sapiens"
"2ASK","B","Homo sapiens"
"2AU5","A","Enterococcus faecalis"
"2AUW","A","Nitrosomonas europaea"
"2AUW","B","Nitrosomonas europaea"
"2AXW","A","Escherichia coli"
"2AXW","B","Escherichia coli"
"2AYD","A","Arabidopsis thaliana"
"2B0A","A","Methanocaldococcus jannaschii"
"2B1Y","A","Agrobacterium fabrum"
"2B59","A","Hungateiclostridium thermocellum"
"2B59","B","Hungateiclostridium thermocellum"
"2B97","A","Trichoderma reesei"
"2B97","B","Trichoderma reesei"
"2BAY","A","Saccharomyces cerevisiae"
"2BAY","B","Saccharomyces cerevisiae"
"2BAY","C","Saccharomyces cerevisiae"
"2BAY","D","Saccharomyces cerevisiae"
"2BAY","E","Saccharomyces cerevisiae"
"2BAY","F","Saccharomyces cerevisiae"
"2BFD","A","Homo sapiens"
"2BFD","B","Homo sapiens"
"2BHU","A","Deinococcus radiodurans"
"2BJQ","A","Ascaris suum"
"2BKY","A","Saccharolobus solfataricus"
"2BKY","B","Saccharolobus solfataricus"
"2BKY","X","Saccharolobus solfataricus"
"2BKY","Y","Saccharolobus solfataricus"
"2BL8","A","Enterococcus faecium"
"2BL8","B","Enterococcus faecium"
"2BL8","C","Enterococcus faecium"
"2BLN","A","Escherichia coli"
"2BLN","B","Escherichia coli"
"2BOG","X","Thermobifida fusca"
"2BOP","A","Deltapapillomavirus 4"
"2BOP","B",""
"2BTI","A","Yersinia enterocolitica"
"2BTI","B","Yersinia enterocolitica"
"2BV4","A","Chromobacterium violaceum"
"2BV4","B","Chromobacterium violaceum"
"2BW3","A","Musca domestica"
"2BW3","B","Musca domestica"
"2BZ1","A","Escherichia coli"
"2C0G","A","Drosophila melanogaster"
"2C0G","B","Drosophila melanogaster"
"2C2A","A","Thermotoga maritima"
"2C60","A","Homo sapiens"
"2C6Q","A","Homo sapiens"
"2C6Q","B","Homo sapiens"
"2C6Q","C","Homo sapiens"
"2C6Q","D","Homo sapiens"
"2C6Q","E","Homo sapiens"
"2C6Q","F","Homo sapiens"
"2C6Q","G","Homo sapiens"
"2C6Q","H","Homo sapiens"
"2C71","A","Hungateiclostridium thermocellum"
"2C9W","A","Homo sapiens"
"2C9W","B","Homo sapiens"
"2C9W","C","Homo sapiens"
"2CA5","A","Shigella flexneri"
"2CA5","B","Shigella flexneri"
"2CAR","A","Homo sapiens"
"2CAR","B","Homo sapiens"
"2CB8","A","Homo sapiens"
"2CB8","B","Homo sapiens"
"2CC6","A","Halobacterium salinarum"
"2CCV","A","Helix pomatia"
"2CG7","A","Homo sapiens"
"2CHO","A","Bacteroides thetaiotaomicron"
"2CHO","B","Bacteroides thetaiotaomicron"
"2CHO","C","Bacteroides thetaiotaomicron"
"2CHO","D","Bacteroides thetaiotaomicron"
"2CI1","A","Bos taurus"
"2CIW","A","Leptoxyphium fumago"
"2CNQ","A","Saccharomyces cerevisiae"
"2CS7","A","Streptococcus pneumoniae"
"2CS7","B","Streptococcus pneumoniae"
"2CS7","C","Streptococcus pneumoniae"
"2CSB","A","Methanopyrus kandleri"
"2CSB","B","Methanopyrus kandleri"
"2CU2","A","Thermus thermophilus"
"2CVE","A","Thermus thermophilus"
"2CWY","A","Thermus thermophilus"
"2CX1","A","Aeropyrum pernix"
"2CXY","A","Homo sapiens"
"2CYJ","A","Pyrococcus horikoshii"
"2CZR","A","Thermococcus kodakarensis"
"2CZV","A","Pyrococcus horikoshii"
"2CZV","B","Pyrococcus horikoshii"
"2CZV","C","Pyrococcus horikoshii"
"2CZV","D","Pyrococcus horikoshii"
"2D00","A","Thermus thermophilus"
"2D00","B","Thermus thermophilus"
"2D00","C","Thermus thermophilus"
"2D00","D","Thermus thermophilus"
"2D00","E","Thermus thermophilus"
"2D00","F","Thermus thermophilus"
"2D0O","A","Klebsiella oxytoca"
"2D0O","B","Klebsiella oxytoca"
"2D0O","C","Klebsiella oxytoca"
"2D0O","D","Klebsiella oxytoca"
"2D1S","A","Luciola cruciata"
"2D28","C","Xanthomonas campestris"
"2D8D","A","Thermus thermophilus"
"2D8D","B","Thermus thermophilus"
"2D9R","A","Porphyromonas gingivalis"
"2DB7","A","Homo sapiens"
"2DB7","B","Homo sapiens"
"2DBS","A","Thermus thermophilus"
"2DBS","B","Thermus thermophilus"
"2DEJ","A","Pyrococcus horikoshii"
"2DEW","A",""
"2DEW","X","Homo sapiens"
"2DLB","A","Bacillus subtilis"
"2DLB","B","Bacillus subtilis"
"2DM9","A","Pyrococcus horikoshii"
"2DM9","B","Pyrococcus horikoshii"
"2DPF","A","Molineria latifolia"
"2DPF","B","Molineria latifolia"
"2DPF","C","Molineria latifolia"
"2DPF","D","Molineria latifolia"
"2DPL","A","Pyrococcus horikoshii"
"2DPL","B","Pyrococcus horikoshii"
"2DSY","A","Thermus thermophilus"
"2DSY","B","Thermus thermophilus"
"2DSY","C","Thermus thermophilus"
"2DSY","D","Thermus thermophilus"
"2DT8","A","Thermus thermophilus"
"2DWK","A","Mus musculus"
"2DXU","A","Pyrococcus horikoshii"
"2DXU","B","Pyrococcus horikoshii"
"2E0A","A","Homo sapiens"
"2E0A","B","Homo sapiens"
"2E2A","A","Lactococcus lactis"
"2E2A","B","Lactococcus lactis"
"2E2A","C","Lactococcus lactis"
"2E3H","A","Homo sapiens"
"2E9X","A","Homo sapiens"
"2E9X","B","Homo sapiens"
"2E9X","C","Homo sapiens"
"2E9X","D","Homo sapiens"
"2E9X","E","Homo sapiens"
"2E9X","F","Homo sapiens"
"2E9X","G","Homo sapiens"
"2E9X","H","Homo sapiens"
"2EBF","X","Pasteurella multocida"
"2EBS","A","Geotrichum sp. M128"
"2EBS","B","Geotrichum sp. M128"
"2ED6","A","White spot syndrome virus"
"2ED6","B","White spot syndrome virus"
"2ED6","C","White spot syndrome virus"
"2ED6","D","White spot syndrome virus"
"2ED6","E","White spot syndrome virus"
"2ED6","F","White spot syndrome virus"
"2ED6","G","White spot syndrome virus"
"2ED6","H","White spot syndrome virus"
"2ED6","I","White spot syndrome virus"
"2ED6","J","White spot syndrome virus"
"2ED6","K","White spot syndrome virus"
"2ED6","L","White spot syndrome virus"
"2END","A","Escherichia virus T4"
"2ERL","A","Euplotes raikovi"
"2ES4","A","Burkholderia glumae"
"2ES4","B","Burkholderia glumae"
"2ES4","D","Burkholderia glumae"
"2ES4","E","Burkholderia glumae"
"2ES9","A","Salmonella enterica"
"2EUC","A","Bacillus subtilis"
"2EUC","B","Bacillus subtilis"
"2F01","A","Streptomyces avidinii"
"2F01","B","Streptomyces avidinii"
"2F22","A","Bacillus halodurans"
"2F22","B","Bacillus halodurans"
"2F23","A","Thermus thermophilus"
"2F23","B","Thermus thermophilus"
"2F2B","A","Methanothermobacter marburgensis"
"2F2H","A","Escherichia coli"
"2F2H","B","Escherichia coli"
"2F2H","C","Escherichia coli"
"2F2H","D","Escherichia coli"
"2F2H","E","Escherichia coli"
"2F2H","F","Escherichia coli"
"2F4I","A","Thermotoga maritima"
"2F4I","B","Thermotoga maritima"
"2F4I","C","Thermotoga maritima"
"2F4I","D","Thermotoga maritima"
"2F4M","A","Mus musculus"
"2F4M","B","Mus musculus"
"2F5T","X","Thermococcus litoralis"
"2F69","A","Homo sapiens"
"2F69","B","Homo sapiens"
"2F9H","A","Enterococcus faecalis"
"2F9H","B","Enterococcus faecalis"
"2FB5","A","Bacillus cereus"
"2FB5","B","Bacillus cereus"
"2FB5","C","Bacillus cereus"
"2FCJ","A","Geobacillus stearothermophilus"
"2FCJ","B","Geobacillus stearothermophilus"
"2FCJ","C","Geobacillus stearothermophilus"
"2FCL","A","Thermotoga maritima"
"2FCW","A","Homo sapiens"
"2FCW","B","Homo sapiens"
"2FEF","A","Pseudomonas aeruginosa"
"2FEF","B","Pseudomonas aeruginosa"
"2FEF","C","Pseudomonas aeruginosa"
"2FFG","A","Bacillus subtilis"
"2FFG","B","Bacillus subtilis"
"2FG1","A","Bacteroides thetaiotaomicron"
"2FGG","A","Mycobacterium tuberculosis"
"2FGQ","X","Delftia acidovorans"
"2FHZ","A","Escherichia coli"
"2FHZ","B","Escherichia coli"
"2FI0","A","Streptococcus pneumoniae"
"2FIY","A","Pseudomonas aeruginosa"
"2FIY","B","Pseudomonas aeruginosa"
"2FJ8","A","Hordeum vulgare"
"2FMA","A","Homo sapiens"
"2FPN","A","Bacillus subtilis"
"2FQM","A","Indiana vesiculovirus"
"2FQM","B","Indiana vesiculovirus"
"2FQM","C","Indiana vesiculovirus"
"2FQM","D","Indiana vesiculovirus"
"2FQM","E","Indiana vesiculovirus"
"2FQM","F","Indiana vesiculovirus"
"2FSQ","A","Agrobacterium fabrum"
"2FSU","A","Escherichia coli"
"2FTX","A","Saccharomyces cerevisiae"
"2FTX","B","Saccharomyces cerevisiae"
"2FUP","A","Pseudomonas aeruginosa"
"2FVV","A","Homo sapiens"
"2FVY","A","Escherichia coli"
"2FYU","A","Bos taurus"
"2FYU","B","Bos taurus"
"2FYU","C","Bos taurus"
"2FYU","D","Bos taurus"
"2FYU","E","Bos taurus"
"2FYU","F","Bos taurus"
"2FYU","G","Bos taurus"
"2FYU","H","Bos taurus"
"2FYU","I","Bos taurus"
"2FYU","J","Bos taurus"
"2FYU","K","Bos taurus"
"2FYX","A","Deinococcus radiodurans"
"2FYX","B","Deinococcus radiodurans"
"2FZP","A","Homo sapiens"
"2FZT","A","Thermotoga maritima"
"2FZT","B","Thermotoga maritima"
"2G03","A","Neisseria meningitidis"
"2G0D","A","Lactococcus lactis"
"2G38","A","Mycobacterium tuberculosis"
"2G38","B","Mycobacterium tuberculosis"
"2G38","C","Mycobacterium tuberculosis"
"2G38","D","Mycobacterium tuberculosis"
"2G3R","A","Homo sapiens"
"2G50","A","Oryctolagus cuniculus"
"2G50","B","Oryctolagus cuniculus"
"2G50","C","Oryctolagus cuniculus"
"2G50","D","Oryctolagus cuniculus"
"2G50","E","Oryctolagus cuniculus"
"2G50","F","Oryctolagus cuniculus"
"2G50","G","Oryctolagus cuniculus"
"2G50","H","Oryctolagus cuniculus"
"2G62","A","Homo sapiens"
"2G7S","A","Agrobacterium fabrum"
"2GBO","A","Enterococcus faecalis"
"2GBO","B","Enterococcus faecalis"
"2GEC","A","Avian coronavirus"
"2GEC","B","Avian coronavirus"
"2GF4","A","Halobacterium salinarum"
"2GF4","B","Halobacterium salinarum"
"2GFQ","A","Pyrococcus horikoshii"
"2GFQ","B","Pyrococcus horikoshii"
"2GFQ","C","Pyrococcus horikoshii"
"2GHV","C","Severe acute respiratory syndrome-related coronavirus"
"2GHV","E","Severe acute respiratory syndrome-related coronavirus"
"2GIB","A","Severe acute respiratory syndrome-related coronavirus"
"2GIB","B","Severe acute respiratory syndrome-related coronavirus"
"2GJV","A","Salmonella enterica"
"2GJV","B","Salmonella enterica"
"2GJV","C","Salmonella enterica"
"2GJV","D","Salmonella enterica"
"2GJV","E","Salmonella enterica"
"2GJV","F","Salmonella enterica"
"2GKG","A","Myxococcus xanthus"
"2GOM","A","Staphylococcus aureus"
"2GOM","B","Staphylococcus aureus"
"2GPI","A","Shewanella loihica"
"2GRR","A","Homo sapiens"
"2GRR","B","Homo sapiens"
"2GSV","A","Bacillus subtilis"
"2GSV","B","Bacillus subtilis"
"2GTI","A","Murine coronavirus"
"2GUD","A","Griffithsia"
"2GUD","B","Griffithsia"
"2GYK","A","Escherichia coli"
"2GYK","B","Escherichia coli"
"2GYK","E","Escherichia coli"
"2GYK","F","Escherichia coli"
"2H1T","A","Pseudomonas aeruginosa"
"2H1T","B","Pseudomonas aeruginosa"
"2H1V","A","Bacillus subtilis"
"2H6F","A","Homo sapiens"
"2H6F","B","Homo sapiens"
"2H6F","P",""
"2H88","A","Gallus gallus"
"2H88","B","Gallus gallus"
"2H88","C","Gallus gallus"
"2H88","D","Gallus gallus"
"2H88","N","Gallus gallus"
"2H88","O","Gallus gallus"
"2H88","P","Gallus gallus"
"2H88","Q","Gallus gallus"
"2H8E","A","Escherichia coli"
"2HBA","A","Geobacillus stearothermophilus"
"2HBA","B","Geobacillus stearothermophilus"
"2HDZ","A","Homo sapiens"
"2HF1","A","Chromobacterium violaceum"
"2HF1","B","Chromobacterium violaceum"
"2HIY","A","Streptococcus pneumoniae"
"2HIY","B","Streptococcus pneumoniae"
"2HIY","C","Streptococcus pneumoniae"
"2HIY","D","Streptococcus pneumoniae"
"2HNG","A","Streptococcus pneumoniae"
"2HNU","A","Bos taurus"
"2HNU","B","Bos taurus"
"2HNU","C","Bos taurus"
"2HNU","D","Bos taurus"
"2HNU","E","Bos taurus"
"2HPJ","A","Mus musculus"
"2HQ4","A","Pyrococcus horikoshii"
"2HQ4","B","Pyrococcus horikoshii"
"2HQS","A","Escherichia coli"
"2HQS","B","Escherichia coli"
"2HQS","C","Escherichia coli"
"2HQS","D","Escherichia coli"
"2HQS","E","Escherichia coli"
"2HQS","F","Escherichia coli"
"2HQS","G","Escherichia coli"
"2HQS","H","Escherichia coli"
"2HS1","A","Human immunodeficiency virus 1"
"2HS1","B","Human immunodeficiency virus 1"
"2HUH","A","Bacteroides thetaiotaomicron"
"2HUJ","A","Listeria innocua"
"2HW4","A","Homo sapiens"
"2HXM","A","Homo sapiens"
"2HY5","A","Allochromatium vinosum"
"2HY5","B","Allochromatium vinosum"
"2HY5","C","Allochromatium vinosum"
"2I06","A","Escherichia coli"
"2I06","B",""
"2I06","C",""
"2I0Z","A","Bacillus cereus"
"2I15","A","Mycoplasma pneumoniae"
"2I15","B","Mycoplasma pneumoniae"
"2I15","C","Mycoplasma pneumoniae"
"2I1S","A","Methanosarcina mazei"
"2I1S","B","Methanosarcina mazei"
"2I53","A","Homo sapiens"
"2I5H","A","Archaeoglobus fulgidus"
"2I5U","A","Enterococcus faecalis"
"2I5V","O","Borreliella burgdorferi"
"2I71","A","Saccharolobus solfataricus"
"2I71","B","Saccharolobus solfataricus"
"2I9I","A","Helicobacter pylori"
"2I9W","A","Psychrobacter arcticus"
"2I9X","A","Staphylococcus epidermidis"
"2I9X","B","Staphylococcus epidermidis"
"2IA1","A","Bacillus halodurans"
"2IA1","B","Bacillus halodurans"
"2IA7","A","Geobacter sulfurreducens"
"2IAF","A","Legionella pneumophila"
"2IAY","A","Lactobacillus plantarum"
"2IC2","A","Drosophila melanogaster"
"2IC2","B","Drosophila melanogaster"
"2ICH","A","Nitrosomonas europaea"
"2ICH","B","Nitrosomonas europaea"
"2ICU","A","Escherichia coli"
"2ICU","B","Escherichia coli"
"2ICW","A","Homo sapiens"
"2ICW","B","Homo sapiens"
"2ICW","C",""
"2ICW","D","Homo sapiens"
"2ICW","E","Homo sapiens"
"2ICW","F",""
"2ICW","G","Mycoplasma arthritidis"
"2ICW","H","Mycoplasma arthritidis"
"2ICW","I","Mus musculus"
"2ICW","J","Mus musculus"
"2ICW","K","Mus musculus"
"2ICW","L","Mus musculus"
"2IDO","A","Escherichia coli"
"2IDO","B","Escherichia virus P1"
"2IDO","C","Escherichia coli"
"2IDO","D","Escherichia virus P1"
"2IH2","A","Thermus aquaticus"
"2IH2","B",""
"2IH2","C",""
"2IH2","D","Thermus aquaticus"
"2IH2","E",""
"2IH2","F",""
"2II1","A","Bacillus halodurans"
"2II1","B","Bacillus halodurans"
"2II1","C","Bacillus halodurans"
"2II1","D","Bacillus halodurans"
"2IN5","A","Escherichia coli"
"2IN5","B","Escherichia coli"
"2INW","A","Shigella flexneri"
"2INW","B","Shigella flexneri"
"2IVY","A","Saccharolobus solfataricus"
"2IWK","A","Achromobacter cycloclastes"
"2IWK","B","Achromobacter cycloclastes"
"2IZX","A","Homo sapiens"
"2IZX","B","Homo sapiens"
"2IZX","C","synthetic construct"
"2J4W","D","Plasmodium vivax"
"2J4W","H","Mus musculus"
"2J4W","L","Mus musculus"
"2J5Y","A","Finegoldia magna"
"2J5Y","B","Finegoldia magna"
"2J6B","A","Acidianus filamentous virus 1"
"2J80","A","Klebsiella pneumoniae"
"2J80","B","Klebsiella pneumoniae"
"2J8G","A","Streptococcus virus Cp1"
"2J8K","A","Nostoc punctiforme"
"2J97","A","Human coronavirus 229E"
"2J9W","A","Xenopus laevis"
"2J9W","B","Xenopus laevis"
"2JDI","A","Bos taurus"
"2JDI","B","Bos taurus"
"2JDI","C","Bos taurus"
"2JDI","D","Bos taurus"
"2JDI","E","Bos taurus"
"2JDI","F","Bos taurus"
"2JDI","G","Bos taurus"
"2JDI","H","Bos taurus"
"2JDI","I","Bos taurus"
"2JDQ","A","Homo sapiens"
"2JDQ","B","Homo sapiens"
"2JDQ","D","Influenza A virus"
"2JDQ","E","Influenza A virus"
"2JE6","A","Saccharolobus solfataricus"
"2JE6","B","Saccharolobus solfataricus"
"2JE6","I","Saccharolobus solfataricus"
"2JEK","A","Mycobacterium tuberculosis"
"2JFR","A","Mycolicibacterium smegmatis"
"2JHF","A","Equus caballus"
"2JHF","B","Equus caballus"
"2JLI","A","Yersinia pestis"
"2LIG","A","Salmonella enterica"
"2LIG","B","Salmonella enterica"
"2MCM","A","Streptomyces macromomyceticus"
"2MHR","A","Themiste hennahi"
"2NLS","A","Homo sapiens"
"2NLV","A","Trichormus variabilis"
"2NLV","B","Trichormus variabilis"
"2NML","A","Homo sapiens"
"2NN4","A","Bacillus subtilis"
"2NN4","B","Bacillus subtilis"
"2NN4","C","Bacillus subtilis"
"2NNU","A","Alphapapillomavirus 9"
"2NNU","B","Homo sapiens"
"2NR5","A","Shewanella oneidensis"
"2NR5","B","Shewanella oneidensis"
"2NR5","C","Shewanella oneidensis"
"2NR5","D","Shewanella oneidensis"
"2NR5","E","Shewanella oneidensis"
"2NR5","F","Shewanella oneidensis"
"2NR5","G","Shewanella oneidensis"
"2NR5","H","Shewanella oneidensis"
"2NSZ","A","Mus musculus"
"2NTK","A","Methanothermobacter thermautotrophicus"
"2NTK","B","Methanothermobacter thermautotrophicus"
"2NTK","C","Methanothermobacter thermautotrophicus"
"2NTK","D","Methanothermobacter thermautotrophicus"
"2NUG","A","Aquifex aeolicus"
"2NUG","B","Aquifex aeolicus"
"2NUG","C",""
"2NUG","D",""
"2NUG","E",""
"2NUG","F",""
"2O2K","A","Homo sapiens"
"2O2K","B","Homo sapiens"
"2O3B","A","Nostoc sp. PCC 7120"
"2O3B","B","Nostoc sp. PCC 7120"
"2O5H","A","Neisseria meningitidis"
"2O5H","B","Neisseria meningitidis"
"2O6K","A","Staphylococcus aureus"
"2O6K","B","Staphylococcus aureus"
"2O8S","A","Agrobacterium fabrum"
"2O8S","B","Agrobacterium fabrum"
"2O9S","A","Homo sapiens"
"2O9U","X","Dioscoreophyllum cumminsii"
"2OA5","A","Murid gammaherpesvirus 4"
"2OA5","B","Murid gammaherpesvirus 4"
"2OB3","A","Brevundimonas diminuta"
"2OB3","B","Brevundimonas diminuta"
"2OB5","A","Agrobacterium fabrum"
"2OD0","A","Vibrio parahaemolyticus"
"2OD0","B","Vibrio parahaemolyticus"
"2ODK","A","Nitrosomonas europaea"
"2ODK","B","Nitrosomonas europaea"
"2ODK","C","Nitrosomonas europaea"
"2ODK","D","Nitrosomonas europaea"
"2OEB","A","Archaeoglobus fulgidus"
"2OFC","A","Athelia rolfsii"
"2OFC","B","Athelia rolfsii"
"2OGF","A","Methanocaldococcus jannaschii"
"2OGF","B","Methanocaldococcus jannaschii"
"2OGF","C","Methanocaldococcus jannaschii"
"2OGF","D","Methanocaldococcus jannaschii"
"2OHW","A","Bacillus subtilis"
"2OHW","B","Bacillus subtilis"
"2OIZ","A","Alcaligenes faecalis"
"2OIZ","B","Alcaligenes faecalis"
"2OIZ","D","Alcaligenes faecalis"
"2OIZ","H","Alcaligenes faecalis"
"2OKU","A","Porphyromonas gingivalis"
"2OKU","B","Porphyromonas gingivalis"
"2OQZ","A","Bacillus anthracis"
"2OT3","A","Homo sapiens"
"2OT3","B","Homo sapiens"
"2OTA","A","Colwellia psychrerythraea"
"2OTA","B","Colwellia psychrerythraea"
"2OU3","A","Nostoc punctiforme"
"2OU3","B","Nostoc punctiforme"
"2OUX","A","Enterococcus faecalis"
"2OUX","B","Enterococcus faecalis"
"2OV0","A","Paracoccus denitrificans"
"2OX7","A","Enterococcus faecalis"
"2OX7","B","Enterococcus faecalis"
"2OX7","C","Enterococcus faecalis"
"2OX7","D","Enterococcus faecalis"
"2OY9","A","Bacillus halodurans"
"2OY9","B","Bacillus halodurans"
"2P0T","A","Pseudomonas syringae group genomosp. 3"
"2P12","A","Rhodococcus jostii"
"2P12","B","Rhodococcus jostii"
"2P1M","A","Arabidopsis thaliana"
"2P1M","B","Arabidopsis thaliana"
"2P3Y","A","Vibrio parahaemolyticus"
"2P3Y","B","Vibrio parahaemolyticus"
"2P62","A","Pyrococcus horikoshii"
"2P62","B","Pyrococcus horikoshii"
"2P6V","A","Homo sapiens"
"2P74","A","Escherichia coli"
"2P74","B","Escherichia coli"
"2P8I","A","Paraburkholderia xenovorans"
"2P8I","B","Paraburkholderia xenovorans"
"2P8I","C","Paraburkholderia xenovorans"
"2P8I","D","Paraburkholderia xenovorans"
"2P8Q","A","Homo sapiens"
"2P8Q","B","Homo sapiens"
"2P8T","A","Pyrococcus horikoshii"
"2P90","A","Corynebacterium glutamicum"
"2P90","B","Corynebacterium glutamicum"
"2P90","C","Corynebacterium glutamicum"
"2PBK","A","Human gammaherpesvirus 8"
"2PBK","B","Human gammaherpesvirus 8"
"2PBK","C",""
"2PBK","D",""
"2PHC","B","Pyrococcus horikoshii"
"2PHN","A","Archaeoglobus fulgidus"
"2PHN","B","Archaeoglobus fulgidus"
"2PIF","A","Pseudomonas syringae group genomosp. 3"
"2PIF","B","Pseudomonas syringae group genomosp. 3"
"2PJU","A","Escherichia coli"
"2PJU","B","Escherichia coli"
"2PJU","C","Escherichia coli"
"2PJU","D","Escherichia coli"
"2PK8","A","Pyrococcus furiosus"
"2PMR","A","Methanothermobacter thermautotrophicus"
"2PPV","A","Staphylococcus epidermidis"
"2PRV","A","Bacillus subtilis"
"2PRV","B","Bacillus subtilis"
"2PSB","A","Bacillus subtilis"
"2PSP","A","Sus scrofa"
"2PSP","B","Sus scrofa"
"2PST","X","Pseudomonas aeruginosa"
"2PU9","A","Synechocystis sp."
"2PU9","B","Synechocystis sp."
"2PU9","C","Spinacia oleracea"
"2PV4","A","Shewanella amazonensis"
"2PVB","A","Esox lucius"
"2PWW","A","Bacillus clausii"
"2PYQ","A","Jannaschia sp. CCS1"
"2PYQ","B","Jannaschia sp. CCS1"
"2PYQ","C","Jannaschia sp. CCS1"
"2PYQ","D","Jannaschia sp. CCS1"
"2Q0Z","X","Homo sapiens"
"2Q22","A","Trichormus variabilis"
"2Q22","B","Trichormus variabilis"
"2Q22","C","Trichormus variabilis"
"2Q2G","A","Cryptosporidium parvum"
"2Q2G","B","Cryptosporidium parvum"
"2Q66","A","Saccharomyces cerevisiae"
"2Q66","X",""
"2Q6K","A","Salinispora tropica"
"2QDL","A","Caldanaerobacter subterraneus"
"2QDL","B","Caldanaerobacter subterraneus"
"2QHF","A","Mycobacterium tuberculosis"
"2QKL","A","Schizosaccharomyces pombe"
"2QKL","B","Schizosaccharomyces pombe"
"2QSB","A","Thermoplasma acidophilum"
"2QUD","A","Pseudomonas phage PP7"
"2QUD","B","Pseudomonas phage PP7"
"2QUP","A","Bacillus halodurans"
"2R0X","A","Histophilus somni"
"2R31","A","Paracoccus denitrificans"
"2R4Q","A","Bacillus subtilis"
"2R75","1","Aquifex aeolicus"
"2RBK","A","Bacteroides thetaiotaomicron"
"2RDE","A","Vibrio cholerae"
"2RDE","B","Vibrio cholerae"
"2RFR","A","Novosphingobium aromaticivorans"
"2RK3","A","Homo sapiens"
"2RKQ","A","Drosophila melanogaster"
"2RLD","A","Bacteroides thetaiotaomicron"
"2RLD","B","Bacteroides thetaiotaomicron"
"2RLD","C","Bacteroides thetaiotaomicron"
"2RLD","D","Bacteroides thetaiotaomicron"
"2RLD","E","Bacteroides thetaiotaomicron"
"2SAK","A","Staphylococcus aureus"
"2SIC","E","Bacillus amyloliquefaciens"
"2SIC","I","Streptomyces albogriseolus"
"2TPS","A","Bacillus subtilis"
"2TPS","B","Bacillus subtilis"
"2UV4","A","Homo sapiens"
"2V3Z","A","Escherichia coli"
"2V3Z","B","Escherichia coli"
"2V6X","A","Saccharomyces cerevisiae"
"2V6X","B","Saccharomyces cerevisiae"
"2V89","A","Mus musculus"
"2V89","B","Mus musculus"
"2V89","D","Homo sapiens"
"2V89","E","Homo sapiens"
"2V8T","A","Thermus thermophilus"
"2V8T","B","Thermus thermophilus"
"2V9L","A","Escherichia coli"
"2VB1","A","Gallus gallus"
"2VDR","A","Homo sapiens"
"2VDR","B","Homo sapiens"
"2VDR","C","Homo sapiens"
"2VDR","H","Mus musculus"
"2VDR","L","Mus musculus"
"2VFX","A","Homo sapiens"
"2VFX","B","Homo sapiens"
"2VFX","C","Homo sapiens"
"2VFX","D","Homo sapiens"
"2VFX","E","Homo sapiens"
"2VFX","F","Homo sapiens"
"2VFX","G","Homo sapiens"
"2VFX","H","Homo sapiens"
"2VFX","I","Homo sapiens"
"2VFX","J","Homo sapiens"
"2VFX","K","Homo sapiens"
"2VFX","L","Homo sapiens"
"2VHK","A","Thaumatococcus daniellii"
"2VN6","A","Ruminiclostridium cellulolyticum"
"2VN6","B","Ruminiclostridium cellulolyticum"
"2VU9","A","Clostridium botulinum"
"2VXN","A","Leishmania mexicana"
"2W1V","A","Mus musculus"
"2W1V","B","Mus musculus"
"2W6K","A","Pseudomonas aeruginosa"
"2WBM","A","Methanothermobacter thermautotrophicus"
"2WBM","B","Methanothermobacter thermautotrophicus"
"2WDS","A","Streptomyces coelicolor"
"2WE5","A","Enterococcus faecalis"
"2WE5","B","Enterococcus faecalis"
"2WE5","C","Enterococcus faecalis"
"2WFI","A","Homo sapiens"
"2WKX","A","Escherichia coli"
"2WLV","A","Human immunodeficiency virus 2"
"2WLV","B","Human immunodeficiency virus 2"
"2WN9","A","Aplysia californica"
"2WN9","B","Aplysia californica"
"2WN9","C","Aplysia californica"
"2WN9","D","Aplysia californica"
"2WN9","E","Aplysia californica"
"2WNP","F","Homo sapiens"
"2WOE","A","Rhodospirillum rubrum"
"2WOE","B","Rhodospirillum rubrum"
"2WOE","C","Rhodospirillum rubrum"
"2WQK","A","Aquifex aeolicus"
"2WQK","B","Aquifex aeolicus"
"2WUR","A","Aequorea victoria"
"2WYT","A","Homo sapiens"
"2WYT","F","Homo sapiens"
"2WZK","A","Mus musculus"
"2X42","A","Thermotoga neapolitana"
"2X5O","A","Escherichia coli"
"2XHI","A","Homo sapiens"
"2XHI","B",""
"2XHI","C",""
"2XI8","A","Enterococcus faecalis"
"2XI8","B","Enterococcus faecalis"
"2XJP","A","Saccharomyces cerevisiae"
"2XOL","A","Archaeoglobus fulgidus"
"2XOL","B","Archaeoglobus fulgidus"
"2XOV","A","Escherichia coli"
"2XU3","A","Homo sapiens"
"2XW6","A","Thermus sp. GH5"
"2XW6","B","Thermus sp. GH5"
"2XW6","C","Thermus sp. GH5"
"2XZG","A","Homo sapiens"
"2Y5F","A","Homo sapiens"
"2Y5F","L","Homo sapiens"
"2Y71","A","Mycobacterium tuberculosis"
"2Y8Y","A","Thermus thermophilus"
"2Y8Y","B",""
"2YIM","A","Mycobacterium tuberculosis"
"2YIM","B","Mycobacterium tuberculosis"
"2YIM","C","Mycobacterium tuberculosis"
"2YIM","D","Mycobacterium tuberculosis"
"2YKZ","A","Achromobacter xylosoxidans"
"2YLB","A","Salmonella enterica"
"2YLB","B","Salmonella enterica"
"2YLB","C","Salmonella enterica"
"2YLB","D","Salmonella enterica"
"2YLB","E","Salmonella enterica"
"2YLB","F","Salmonella enterica"
"2Z16","A","Influenza A virus"
"2Z16","B","Influenza A virus"
"2Z51","A","Arabidopsis thaliana"
"2Z7F","E","Homo sapiens"
"2Z7F","I","Homo sapiens"
"2ZA4","A","Bacillus amyloliquefaciens"
"2ZA4","B","Bacillus amyloliquefaciens"
"2ZA4","C","Bacillus amyloliquefaciens"
"2ZA4","D","Bacillus amyloliquefaciens"
"2ZCW","A","Thermus thermophilus"
"2ZW2","A","Sulfurisphaera tokodaii"
"2ZW2","B","Sulfurisphaera tokodaii"
"3A38","A","Thermochromatium tepidum"
"3A4R","A","Mus musculus"
"3A4R","B","Mus musculus"
"3A9S","A","Aeribacillus pallidus"
"3A9S","B","Aeribacillus pallidus"
"3A9S","C","Aeribacillus pallidus"
"3AA0","A","Gallus gallus"
"3AA0","B","Gallus gallus"
"3AA0","C","Hepacivirus C"
"3AG3","A","Bos taurus"
"3AG3","B","Bos taurus"
"3AG3","C","Bos taurus"
"3AG3","D","Bos taurus"
"3AG3","E","Bos taurus"
"3AG3","F","Bos taurus"
"3AG3","G","Bos taurus"
"3AG3","H","Bos taurus"
"3AG3","I","Bos taurus"
"3AG3","J","Bos taurus"
"3AG3","K","Bos taurus"
"3AG3","L","Bos taurus"
"3AG3","M","Bos taurus"
"3AG3","N","Bos taurus"
"3AG3","O","Bos taurus"
"3AG3","P","Bos taurus"
"3AG3","Q","Bos taurus"
"3AG3","R","Bos taurus"
"3AG3","S","Bos taurus"
"3AG3","T","Bos taurus"
"3AG3","U","Bos taurus"
"3AG3","V","Bos taurus"
"3AG3","W","Bos taurus"
"3AG3","X","Bos taurus"
"3AG3","Y","Bos taurus"
"3AG3","Z","Bos taurus"
"3AGN","A","Ustilago sphaerogena"
"3AMR","A","Bacillus subtilis"
"3AR4","A","Oryctolagus cuniculus"
"3AWU","A","Streptomyces castaneoglobisporus"
"3AWU","B","Streptomyces castaneoglobisporus"
"3AXJ","A","Drosophila melanogaster"
"3AXJ","B","Drosophila melanogaster"
"3B0G","A","Nicotiana tabacum"
"3B64","A","Leishmania major"
"3BBB","A","Homo sapiens"
"3BBB","B","Homo sapiens"
"3BBB","C","Homo sapiens"
"3BBB","D","Homo sapiens"
"3BBB","E","Homo sapiens"
"3BBB","F","Homo sapiens"
"3BHD","A","Homo sapiens"
"3BHD","B","Homo sapiens"
"3BHP","A","Bacillus subtilis"
"3BHP","B","Bacillus subtilis"
"3BHP","C","Bacillus subtilis"
"3BI1","A","Homo sapiens"
"3BN0","A","Aquifex aeolicus"
"3BOF","A","Thermotoga maritima"
"3BOF","B","Thermotoga maritima"
"3BP3","A","Escherichia coli"
"3BP3","B","Escherichia coli"
"3BQO","A","Homo sapiens"
"3BQO","B","Homo sapiens"
"3BRD","A","Caenorhabditis elegans"
"3BRD","B",""
"3BRD","C",""
"3BRD","D","Caenorhabditis elegans"
"3BUL","A","Escherichia coli"
"3BUX","A","Homo sapiens"
"3BUX","B","Homo sapiens"
"3BUX","C","Homo sapiens"
"3BUX","D","Homo sapiens"
"3BVU","A","Drosophila melanogaster"
"3BWU","C","Escherichia coli"
"3BWU","D","Escherichia coli"
"3BWU","F","Escherichia coli"
"3BYP","A","Thermus thermophilus"
"3BYP","B","Thermus thermophilus"
"3BYQ","A","Bordetella bronchiseptica"
"3BYQ","B","Bordetella bronchiseptica"
"3BYQ","C","Bordetella bronchiseptica"
"3BZK","A","Pseudomonas aeruginosa"
"3C7X","A","Homo sapiens"
"3C8G","A","Shigella flexneri"
"3C8G","B","Shigella flexneri"
"3C8G","C","Shigella flexneri"
"3C8G","D","Shigella flexneri"
"3C8W","A","Legionella pneumophila"
"3C8W","B","Legionella pneumophila"
"3C8W","C","Legionella pneumophila"
"3C8W","D","Legionella pneumophila"
"3C8Y","A","Clostridium pasteurianum"
"3C9U","A","Aquifex aeolicus"
"3C9U","B","Aquifex aeolicus"
"3CI0","I","Escherichia coli"
"3CI0","J","Escherichia coli"
"3CI0","K","Escherichia coli"
"3CI3","A","Lactobacillus reuteri"
"3CIM","A","Synechocystis sp."
"3CIM","B","Synechocystis sp."
"3CIM","C","Synechocystis sp."
"3CJS","A","Thermus thermophilus"
"3CJS","B","Thermus thermophilus"
"3CJS","C","Thermus thermophilus"
"3CR3","A","Lactococcus lactis"
"3CR3","B","Lactococcus lactis"
"3CR3","C","Lactococcus lactis"
"3CR3","D","Lactococcus lactis"
"3CT6","A","Lactococcus lactis"
"3CT6","B","Lactococcus lactis"
"3CU9","A","Geobacillus stearothermophilus"
"3CWC","A","Salmonella enterica"
"3CWC","B","Salmonella enterica"
"3CZZ","A","Nostoc ellipsosporum"
"3CZZ","B","Nostoc ellipsosporum"
"3D06","A","Homo sapiens"
"3D36","A","Geobacillus stearothermophilus"
"3D36","B","Geobacillus stearothermophilus"
"3D36","C","Geobacillus stearothermophilus"
"3D3B","A","Escherichia coli"
"3D3B","J","Escherichia coli"
"3D3R","A","Shewanella oneidensis"
"3D3R","B","Shewanella oneidensis"
"3DB7","A","Bacteroides thetaiotaomicron"
"3DBY","A","Bacillus cereus"
"3DBY","B","Bacillus cereus"
"3DBY","C","Bacillus cereus"
"3DBY","D","Bacillus cereus"
"3DBY","E","Bacillus cereus"
"3DBY","F","Bacillus cereus"
"3DBY","G","Bacillus cereus"
"3DBY","H","Bacillus cereus"
"3DBY","I","Bacillus cereus"
"3DBY","J","Bacillus cereus"
"3DBY","K","Bacillus cereus"
"3DBY","L","Bacillus cereus"
"3DBY","M","Bacillus cereus"
"3DBY","N","Bacillus cereus"
"3DBY","O","Bacillus cereus"
"3DBY","P","Bacillus cereus"
"3DBY","Q","Bacillus cereus"
"3DBY","R","Bacillus cereus"
"3DBY","S","Bacillus cereus"
"3DBY","T","Bacillus cereus"
"3DDT","A","Homo sapiens"
"3DDT","B","Homo sapiens"
"3DDT","C","Homo sapiens"
"3DK9","A","Homo sapiens"
"3DKM","A","Homo sapiens"
"3DNF","A","Aquifex aeolicus"
"3DNF","B","Aquifex aeolicus"
"3DNJ","A","Caulobacter vibrioides"
"3DNJ","B","Caulobacter vibrioides"
"3DNJ","C",""
"3DNJ","D",""
"3DXR","A","Saccharomyces cerevisiae"
"3DXR","B","Saccharomyces cerevisiae"
"3E9V","A","Homo sapiens"
"3EA6","A","Staphylococcus aureus"
"3EEQ","A","Saccharolobus solfataricus"
"3EEQ","B","Saccharolobus solfataricus"
"3EER","A","Vibrio cholerae"
"3EIP","A","Escherichia coli"
"3EIP","B","Escherichia coli"
"3EOJ","A","Prosthecochloris aestuarii"
"3EPW","A","Trypanosoma vivax"
"3EPW","B","Trypanosoma vivax"
"3ESS","A","Vibrio cholerae"
"3EYE","A","Escherichia coli"
"3F0D","A","Burkholderia pseudomallei"
"3F0D","B","Burkholderia pseudomallei"
"3F0D","C","Burkholderia pseudomallei"
"3F0D","D","Burkholderia pseudomallei"
"3F0D","E","Burkholderia pseudomallei"
"3F0D","F","Burkholderia pseudomallei"
"3F0P","A","Escherichia coli"
"3F0P","B","Escherichia coli"
"3F42","A","Helicobacter pylori"
"3F42","B","Helicobacter pylori"
"3F6Y","A","Homo sapiens"
"3FAU","A","Homo sapiens"
"3FAU","B","Homo sapiens"
"3FAU","C","Homo sapiens"
"3FAU","D","Homo sapiens"
"3FIL","A","Streptococcus sp. 'group G'"
"3FIL","B","Streptococcus sp. 'group G'"
"3FSO","A","Homo sapiens"
"3FSO","B","Homo sapiens"
"3FST","A","Escherichia coli"
"3FST","C","Escherichia coli"
"3FST","E","Escherichia coli"
"3FX7","A","Helicobacter pylori"
"3FX7","B","Helicobacter pylori"
"3FXK","A","Homo sapiens"
"3FYB","A","Alcanivorax borkumensis"
"3FYB","B","Alcanivorax borkumensis"
"3G0M","A","Salmonella enterica"
"3G21","A","Rous sarcoma virus"
"3G91","A","Methanothermobacter thermautotrophicus"
"3GE3","A","Pseudomonas mendocina"
"3GE3","B","Pseudomonas mendocina"
"3GE3","C","Pseudomonas mendocina"
"3GE3","E","Pseudomonas mendocina"
"3GMX","A","Streptomyces clavuligerus"
"3GMX","B","Streptomyces clavuligerus"
"3GP6","A","Escherichia coli"
"3GWK","C","Streptococcus agalactiae"
"3GWK","E","Streptococcus agalactiae"
"3H0N","A","Jannaschia sp. CCS1"
"3H1D","A","Homo sapiens"
"3H63","A","Homo sapiens"
"3H63","C","Homo sapiens"
"3H7I","A","Escherichia virus T4"
"3HHT","A","Aeribacillus pallidus"
"3HHT","B","Aeribacillus pallidus"
"3HMS","A","Homo sapiens"
"3HWU","A","Cupriavidus pinatubonensis"
"3I94","A","Synechocystis sp. PCC 6803"
"3IJW","A","Bacillus anthracis"
"3IJW","B","Bacillus anthracis"
"3ILW","A","Mycobacterium tuberculosis"
"3ILW","B","Mycobacterium tuberculosis"
"3IP0","A","Escherichia coli"
"3IP4","A","Staphylococcus aureus"
"3IP4","B","Staphylococcus aureus"
"3IP4","C","Staphylococcus aureus"
"3IVV","A","Homo sapiens"
"3IVV","D",""
"3JQK","A","Thermus thermophilus"
"3JU4","A","Enterobacteria phage K1F"
"3JVL","A","Mus musculus"
"3K2Z","A","Thermotoga maritima"
"3K2Z","B","Thermotoga maritima"
"3K34","A","Homo sapiens"
"3K6I","A","Gallus gallus"
"3KLR","A","Bos taurus"
"3KSN","A","Escherichia coli"
"3KU3","A","Influenza A virus"
"3KU3","B","Influenza A virus"
"3KWD","A","Thermosynechococcus elongatus"
"3L00","A","Homo sapiens"
"3L51","A","Mus musculus"
"3L51","B","Mus musculus"
"3L5O","A","Desulfitobacterium hafniense"
"3L5O","B","Desulfitobacterium hafniense"
"3L8W","A","Aspergillus flavus"
"3LAS","A","Streptococcus mutans"
"3LAS","B","Streptococcus mutans"
"3LDQ","A","Homo sapiens"
"3LDQ","B","Homo sapiens"
"3LLP","A","Homo sapiens"
"3LLP","B","Homo sapiens"
"3LMN","A","Homo sapiens"
"3LMN","B","Homo sapiens"
"3LVJ","A","Escherichia coli"
"3LVJ","B","Escherichia coli"
"3LVJ","C","Escherichia coli"
"3LVJ","D","Escherichia coli"
"3LYE","A","Cryphonectria parasitica"
"3M4I","A","Mycobacterium tuberculosis"
"3M5Q","A","Phanerochaete chrysosporium"
"3M7V","A","Streptococcus mutans"
"3M7V","B","Streptococcus mutans"
"3M9Q","A","Drosophila melanogaster"
"3M9Q","B","Drosophila melanogaster"
"3MCW","A","Chromobacterium violaceum"
"3MCW","B","Chromobacterium violaceum"
"3MG3","A","Synechocystis sp. PCC 6803"
"3MG3","B","Synechocystis sp. PCC 6803"
"3MMH","A","Neisseria meningitidis"
"3MMH","B","Neisseria meningitidis"
"3MQD","A","Brucella abortus"
"3MZF","A","Escherichia coli"
"3N08","A","Chlamydia trachomatis"
"3N08","B","Chlamydia trachomatis"
"3N2W","A","Sphingosinicella xenopeptidilytica"
"3N2W","B","Sphingosinicella xenopeptidilytica"
"3N2W","C","Sphingosinicella xenopeptidilytica"
"3N2W","D","Sphingosinicella xenopeptidilytica"
"3N4J","A","Yersinia pestis"
"3NFT","A","Burkholderia pseudomallei"
"3NIR","A","Crambe hispanica"
"3NVS","A","Vibrio cholerae"
"3O4P","A","Loligo vulgaris"
"3O6C","A","Campylobacter jejuni"
"3OG2","A","Trichoderma reesei"
"3OJC","A","Yersinia pestis"
"3OJC","B","Yersinia pestis"
"3OJC","C","Yersinia pestis"
"3OJC","D","Yersinia pestis"
"3OMY","A","Escherichia coli"
"3OMY","B","Escherichia coli"
"3ORS","A","Staphylococcus aureus"
"3ORS","B","Staphylococcus aureus"
"3ORS","C","Staphylococcus aureus"
"3ORS","D","Staphylococcus aureus"
"3ORS","E","Staphylococcus aureus"
"3ORS","F","Staphylococcus aureus"
"3ORS","G","Staphylococcus aureus"
"3ORS","H","Staphylococcus aureus"
"3OS4","A","Yersinia pestis"
"3OS4","B","Yersinia pestis"
"3OSE","A","Homo sapiens"
"3OSX","A","Xenorhabdus nematophila"
"3OXP","A","Yersinia pestis"
"3OXP","B","Yersinia pestis"
"3PBT","A","Pseudomonas aeruginosa"
"3PC7","A","Homo sapiens"
"3PC7","B","Homo sapiens"
"3PDF","A","Homo sapiens"
"3PIW","A","Danio rerio"
"3PKZ","A","Staphylococcus aureus"
"3PKZ","B","Staphylococcus aureus"
"3PKZ","C","Staphylococcus aureus"
"3PKZ","D","Staphylococcus aureus"
"3PKZ","E","Staphylococcus aureus"
"3PKZ","F","Staphylococcus aureus"
"3PKZ","G","Staphylococcus aureus"
"3PKZ","H","Staphylococcus aureus"
"3PKZ","I","Staphylococcus aureus"
"3PKZ","J","Staphylococcus aureus"
"3PKZ","K","Staphylococcus aureus"
"3PKZ","L","Staphylococcus aureus"
"3PMS","A","Elizabethkingia meningoseptica"
"3PRO","A","Lysobacter enzymogenes"
"3PRO","B","Lysobacter enzymogenes"
"3PRO","C","Lysobacter enzymogenes"
"3PRO","D","Lysobacter enzymogenes"
"3PSM","A","Pachyrhizus erosus"
"3PSM","B","Pachyrhizus erosus"
"3PZW","A","Glycine max"
"3Q20","A","Thermosynechococcus elongatus"
"3Q20","B","Thermosynechococcus elongatus"
"3Q46","A","Thermococcus thioreducens"
"3QM9","A","Thunnus atlanticus"
"3QPA","A","[Nectria] haematococca"
"3QQ8","A","Homo sapiens"
"3QQ8","B","Homo sapiens"
"3QZB","A","Thermotoga maritima"
"3R87","A","Photobacterium profundum"
"3R8J","A","Homo sapiens"
"3R8J","B","Homo sapiens"
"3RF3","A","Homo sapiens"
"3RF3","B","Homo sapiens"
"3RF3","C","Shigella flexneri"
"3RF3","D","Shigella flexneri"
"3RJS","A","Toxoplasma gondii"
"3RLF","A","Escherichia coli"
"3RLF","B","Escherichia coli"
"3RLF","E","Escherichia coli"
"3RLF","F","Escherichia coli"
"3RLF","G","Escherichia coli"
"3RLO","A","Homo sapiens"
"3ROF","A","Staphylococcus aureus"
"3ROF","B","Staphylococcus aureus"
"3RQ7","A","Homo sapiens"
"3RQ7","B",""
"3RSS","A","Thermotoga maritima"
"3RSS","B","Escherichia coli"
"3RVC","A","Influenza A virus"
"3RZN","A","Homo sapiens"
"3S4E","A","Homo sapiens"
"3S4Y","A","Homo sapiens"
"3S4Y","B","Homo sapiens"
"3S8G","A","Thermus thermophilus"
"3S8G","B","Thermus thermophilus"
"3S8G","C","Thermus thermophilus"
"3S9Z","A","Mycobacterium tuberculosis"
"3SJL","A","Paracoccus denitrificans"
"3SJL","B","Paracoccus denitrificans"
"3SJL","C","Paracoccus denitrificans"
"3SJL","D","Paracoccus denitrificans"
"3SJL","E","Paracoccus denitrificans"
"3SJL","F","Paracoccus denitrificans"
"3SK7","A","Vibrio cholerae"
"3SK7","B","Vibrio cholerae"
"3SWO","A","Mycolicibacterium smegmatis"
"3SWO","B","Mycolicibacterium smegmatis"
"3SWO","C","Mycolicibacterium smegmatis"
"3SWO","D","Mycolicibacterium smegmatis"
"3SXU","A","Escherichia coli"
"3SXU","B","Escherichia coli"
"3SXU","C","Escherichia coli"
"3T0H","A","Homo sapiens"
"3T3L","A","Homo sapiens"
"3T63","A","Pseudomonas putida"
"3T63","B","Pseudomonas putida"
"3T63","C","Pseudomonas putida"
"3T63","M","Pseudomonas putida"
"3T63","N","Pseudomonas putida"
"3T63","O","Pseudomonas putida"
"3TG0","A","Escherichia coli"
"3TG0","B","Escherichia coli"
"3TG0","C","Escherichia coli"
"3TG0","D","Escherichia coli"
"3TN2","A","Homo sapiens"
"3TVJ","A","Homo sapiens"
"3TVJ","B","Homo sapiens"
"3TVJ","I","Schistocerca gregaria"
"3U1U","A","Homo sapiens"
"3U1U","B","Homo sapiens"
"3U7Q","A","Azotobacter vinelandii"
"3U7Q","B","Azotobacter vinelandii"
"3U7Q","C","Azotobacter vinelandii"
"3U7Q","D","Azotobacter vinelandii"
"3U81","A","Rattus norvegicus"
"3U9W","A","Homo sapiens"
"3UAW","A","Bacillus cereus"
"3UCI","A","Calloselasma rhodostoma"
"3UEJ","A","Mus musculus"
"3UEJ","B","Mus musculus"
"3UI4","A","Homo sapiens"
"3ULJ","A","Xenopus tropicalis"
"3ULJ","B","Xenopus tropicalis"
"3UMH","A","Homo sapiens"
"3V5W","A","Homo sapiens"
"3V5W","B","Bos taurus"
"3V5W","G","Bos taurus"
"3VDP","A","Caldanaerobacter subterraneus"
"3VDP","B","Caldanaerobacter subterraneus"
"3VDP","C","Caldanaerobacter subterraneus"
"3VDP","D","Caldanaerobacter subterraneus"
"3W07","A","Methanothermobacter thermautotrophicus"
"3W5H","A","Sus scrofa"
"3WCQ","A","Cyanidioschyzon merolae"
"3WU2","A","Thermosynechococcus vulcanus"
"3WU2","B","Thermosynechococcus vulcanus"
"3WU2","C","Thermosynechococcus vulcanus"
"3WU2","D","Thermosynechococcus vulcanus"
"3WU2","E","Thermosynechococcus vulcanus"
"3WU2","F","Thermosynechococcus vulcanus"
"3WU2","H","Thermosynechococcus vulcanus"
"3WU2","I","Thermosynechococcus vulcanus"
"3WU2","J","Thermosynechococcus vulcanus"
"3WU2","K","Thermosynechococcus vulcanus"
"3WU2","L","Thermosynechococcus vulcanus"
"3WU2","M","Thermosynechococcus vulcanus"
"3WU2","O","Thermosynechococcus vulcanus"
"3WU2","T","Thermosynechococcus vulcanus"
"3WU2","U","Thermosynechococcus vulcanus"
"3WU2","V","Thermosynechococcus vulcanus"
"3WU2","X","Thermosynechococcus vulcanus"
"3WU2","Y","Thermosynechococcus vulcanus"
"3WU2","Z","Thermosynechococcus vulcanus"
"3WU2","a","Thermosynechococcus vulcanus"
"3WU2","b","Thermosynechococcus vulcanus"
"3WU2","c","Thermosynechococcus vulcanus"
"3WU2","d","Thermosynechococcus vulcanus"
"3WU2","e","Thermosynechococcus vulcanus"
"3WU2","f","Thermosynechococcus vulcanus"
"3WU2","h","Thermosynechococcus vulcanus"
"3WU2","i","Thermosynechococcus vulcanus"
"3WU2","j","Thermosynechococcus vulcanus"
"3WU2","k","Thermosynechococcus vulcanus"
"3WU2","l","Thermosynechococcus vulcanus"
"3WU2","m","Thermosynechococcus vulcanus"
"3WU2","o","Thermosynechococcus vulcanus"
"3WU2","t","Thermosynechococcus vulcanus"
"3WU2","u","Thermosynechococcus vulcanus"
"3WU2","v","Thermosynechococcus vulcanus"
"3WU2","x","Thermosynechococcus vulcanus"
"3WU2","y","Thermosynechococcus vulcanus"
"3WU2","z","Thermosynechococcus vulcanus"
"3ZHO","A","Escherichia coli"
"3ZHO","B","Escherichia coli"
"3ZQU","A","Pseudomonas aeruginosa"
"3ZUC","A","Hungateiclostridium cellulolyticum"
"3ZYL","A","Rattus norvegicus"
"3ZYL","B","Rattus norvegicus"
"3ZYQ","A","Homo sapiens"
"4A02","A","Enterococcus faecalis"
"4A1I","A","Bacillus subtilis"
"4A1I","B","Bacillus subtilis"
"4A1I","C","Bacillus subtilis"
"4A1I","D","Bacillus subtilis"
"4A1I","E","Bacillus subtilis"
"4A1I","F","Bacillus subtilis"
"4A1I","G","Bacillus subtilis"
"4A1I","H","Bacillus subtilis"
"4A2V","A","Anas platyrhynchos"
"4A5S","A","Homo sapiens"
"4A5S","B","Homo sapiens"
"4A82","A","Homo sapiens"
"4A82","B","Homo sapiens"
"4A82","C","Homo sapiens"
"4A82","D","Homo sapiens"
"4A8U","A","Betula pendula"
"4AC7","A","Sporosarcina pasteurii"
"4AC7","B","Sporosarcina pasteurii"
"4AC7","C","Sporosarcina pasteurii"
"4ACF","A","Mycobacterium tuberculosis"
"4ACF","B","Mycobacterium tuberculosis"
"4ACF","C","Mycobacterium tuberculosis"
"4ACF","D","Mycobacterium tuberculosis"
"4ACF","E","Mycobacterium tuberculosis"
"4ACF","F","Mycobacterium tuberculosis"
"4AF1","A","Halobacterium salinarum"
"4AFF","A","Synechococcus elongatus"
"4AGH","A","Pyricularia oryzae"
"4AIW","A","Homo sapiens"
"4AL0","A","Homo sapiens"
"4ATM","A","Homo sapiens"
"4AU1","A","Rhodobacter capsulatus"
"4AXO","A","Clostridioides difficile"
"4AXO","B","Clostridioides difficile"
"4AY7","A","Methanosarcina mazei"
"4AY7","B","Methanosarcina mazei"
"4B4U","A","Acinetobacter baumannii"
"4B4U","B","Acinetobacter baumannii"
"4DHL","A","Phaseolus vulgaris"
"4DHL","B","Phaseolus vulgaris"
"4DHL","C","Phaseolus vulgaris"
"4DHL","D","Phaseolus vulgaris"
"4DND","A","Homo sapiens"
"4DOI","A","Arabidopsis thaliana"
"4DOI","B","Arabidopsis thaliana"
"4DRI","A","Homo sapiens"
"4DRI","B","Homo sapiens"
"4DUI","A","synthetic construct"
"4DWR","A","Pyrococcus horikoshii"
"4DWR","B","Pyrococcus horikoshii"
"4DWR","C","Pyrococcus horikoshii"
"4E29","A","Shigella flexneri,Salmonella enterica"
"4E29","B","Shigella flexneri,Salmonella enterica"
"4E2V","A","Zymomonas mobilis"
"4E3Y","A","Serratia marcescens"
"4E3Y","B","Serratia marcescens"
"4E4R","A","Staphylococcus aureus"
"4EAD","A","Escherichia coli"
"4EE6","A","Streptomyces cinnamonensis"
"4EE6","B","Streptomyces cinnamonensis"
"4EGU","A","Clostridioides difficile"
"4EGU","B","Clostridioides difficile"
"4EMT","A","Homo sapiens"
"4EMT","B","Homo sapiens"
"4ENE","A","Escherichia coli"
"4ENE","B","Escherichia coli"
"4ENE","C","Mus musculus"
"4ENE","D","Mus musculus"
"4ENE","E","Mus musculus"
"4ENE","F","Mus musculus"
"4EO7","A","Homo sapiens"
"4EQP","A","Staphylococcus aureus"
"4ESM","A","Chromobacterium violaceum"
"4ESP","A","Arachis hypogaea"
"4F01","A","Escherichia coli"
"4F01","B","Escherichia coli"
"4F19","A","Pseudomonas fluorescens"
"4FHR","A","Thermotoga maritima"
"4FHR","B","Thermotoga maritima"
"4FIO","A","Methanobrevibacter ruminantium"
"4FIO","B","Methanobrevibacter ruminantium"
"4FIO","C","Methanobrevibacter ruminantium"
"4FW1","A","Rous sarcoma virus"
"4FW1","B","Rous sarcoma virus"
"4FYX","A","Escherichia coli"
"4FYX","B","Escherichia coli"
"4FYX","C","Escherichia coli"
"4FYX","D","Escherichia coli"
"4G1Q","A","Human immunodeficiency virus 1"
"4G1Q","B","Human immunodeficiency virus 1"
"4G3N","A","Mycobacterium tuberculosis"
"4G78","A","Medicago truncatula"
"4GMU","A","Rattus norvegicus"
"4GT9","A","Thermotoga maritima"
"4GV2","A","Homo sapiens"
"4GWB","A","Sinorhizobium meliloti"
"4GWG","A","Homo sapiens"
"4H27","A","Homo sapiens"
"4H6C","A","Physcomitrella patens"
"4H6C","B","Physcomitrella patens"
"4H6C","C","Physcomitrella patens"
"4H6C","D","Physcomitrella patens"
"4H6C","E","Physcomitrella patens"
"4H6C","F","Physcomitrella patens"
"4H6C","G","Physcomitrella patens"
"4H6C","H","Physcomitrella patens"
"4H6C","I","Physcomitrella patens"
"4H6C","J","Physcomitrella patens"
"4H6C","K","Physcomitrella patens"
"4H6C","L","Physcomitrella patens"
"4HDR","A","Sporomusa ovata"
"4HDR","B","Sporomusa ovata"
"4HDR","C","Sporomusa ovata"
"4HDR","D","Sporomusa ovata"
"4HL2","A","Klebsiella pneumoniae"
"4HL2","B","Klebsiella pneumoniae"
"4HTG","A","Arabidopsis thaliana"
"4HWS","A","Escherichia coli"
"4HWS","B","Escherichia coli"
"4HWW","A","Homo sapiens"
"4HWW","B","Homo sapiens"
"4HY4","A","Homo sapiens"
"4HY4","B","Homo sapiens"
"4I6Y","A","Pseudomonas mevalonii"
"4I6Y","B","Pseudomonas mevalonii"
"4I7E","A","Geobacillus stearothermophilus"
"4I7E","B","Geobacillus stearothermophilus"
"4I7E","C","Geobacillus stearothermophilus"
"4I7E","D","Geobacillus stearothermophilus"
"4I8H","A","Bos taurus"
"4I9O","A","Mus musculus"
"4IAU","A","Geodia cydonium"
"4J7D","A","Xenopus laevis"
"4J9Y","B","Rattus norvegicus"
"4J9Y","R","Rattus norvegicus"
"4JER","A","Yersinia pestis"
"4JP6","A","Carica papaya"
"4JXQ","A","Sinorhizobium meliloti"
"4JXQ","B","Sinorhizobium meliloti"
"4KEF","A","Saccharomyces cerevisiae"
"4KLI","A","Homo sapiens"
"4KLI","D",""
"4KLI","P",""
"4KLI","T",""
"4LER","A","Bacteroides vulgatus"
"4LRS","A","Thermomonospora curvata"
"4LRS","B","Thermomonospora curvata"
"4LRS","N","Thermomonospora curvata"
"4MJR","A","Escherichia coli"
"4MJR","B","Escherichia coli"
"4RWU","A","Saccharomyces cerevisiae"
"4V4E","A","Pelobacter acidigallici"
"4V4E","B","Pelobacter acidigallici"
"4V4E","C","Pelobacter acidigallici"
"4V4E","D","Pelobacter acidigallici"
"4V4E","E","Pelobacter acidigallici"
"4V4E","F","Pelobacter acidigallici"
"4V4E","G","Pelobacter acidigallici"
"4V4E","H","Pelobacter acidigallici"
"4V4E","I","Pelobacter acidigallici"
"4V4E","J","Pelobacter acidigallici"
"4V4E","K","Pelobacter acidigallici"
"4V4E","L","Pelobacter acidigallici"
"4V4E","M","Pelobacter acidigallici"
"4V4E","N","Pelobacter acidigallici"
"4V4E","O","Pelobacter acidigallici"
"4V4E","P","Pelobacter acidigallici"
"4V4E","Q","Pelobacter acidigallici"
"4V4E","R","Pelobacter acidigallici"
"4V4E","S","Pelobacter acidigallici"
"4V4E","T","Pelobacter acidigallici"
"4V4E","U","Pelobacter acidigallici"
"4V4E","V","Pelobacter acidigallici"
"4V4E","W","Pelobacter acidigallici"
"4V4E","X","Pelobacter acidigallici"
"5Y9A","A","Acinetobacter baumannii"


